-- phpMyAdmin SQL Dump
-- version 3.3.2deb1ubuntu1
-- http://www.phpmyadmin.net
--
-- Хост: localhost
-- Время создания: Дек 27 2016 г., 15:15
-- Версия сервера: 5.1.41
-- Версия PHP: 5.3.2-1ubuntu4.21



/*!40101 SET @OLD_CHARACTER_SET_CLIENT=@@CHARACTER_SET_CLIENT */;
/*!40101 SET @OLD_CHARACTER_SET_RESULTS=@@CHARACTER_SET_RESULTS */;
/*!40101 SET @OLD_COLLATION_CONNECTION=@@COLLATION_CONNECTION */;
/*!40101 SET NAMES utf8 */;

--
-- База данных: `chdu`
--

-- --------------------------------------------------------

--
-- Структура таблицы `addColumns`
--

CREATE TABLE IF NOT EXISTS "addColumns" (
  "TABLE_NAME" varchar(64) CHARACTER SET utf8 NOT NULL,
  "COLUMN_NAME" varchar(64) CHARACTER SET utf8 NOT NULL,
  "I_REQUIRED" enum('','+') COLLATE utf8_unicode_ci NOT NULL COMMENT 'Поле обязательно для заполнения',
  "I_TEXT" varchar(50) COLLATE utf8_unicode_ci NOT NULL COMMENT 'Лейбл',
  "I_TYPE" enum('hidden','text','select') COLLATE utf8_unicode_ci NOT NULL COMMENT 'Тип поля',
  "I_PATTERN" varchar(200) COLLATE utf8_unicode_ci NOT NULL COMMENT 'Маска ввода input',
  "S_TABLE" varchar(50) COLLATE utf8_unicode_ci NOT NULL COMMENT 'Таблица для select',
  "S_CODEFIELD" varchar(50) COLLATE utf8_unicode_ci NOT NULL COMMENT 'Возвращаемое значение для select',
  "S_VIEWFIELD" varchar(50) COLLATE utf8_unicode_ci NOT NULL COMMENT 'Поле для отображения для select',
  "S_WHERECONDITION" varchar(200) COLLATE utf8_unicode_ci NOT NULL COMMENT 'Ограничения для select',
  PRIMARY KEY ("TABLE_NAME","COLUMN_NAME")
);

--
-- Дамп данных таблицы `addColumns`
--

INSERT INTO `addColumns` (`TABLE_NAME`, `COLUMN_NAME`, `I_REQUIRED`, `I_TEXT`, `I_TYPE`, `I_PATTERN`, `S_TABLE`, `S_CODEFIELD`, `S_VIEWFIELD`, `S_WHERECONDITION`) VALUES
('planz', 'date_a', '+', 'Когда добавил', 'hidden', '', '', '', '', ''),
('planz', 'id', '', 'Уникальный номер', 'hidden', '', '', '', '', ''),
('planz', 'kdel', '+', 'Деление года', 'select', '', 'sps', 'kod_n', 'naim', 'spr=''DEL'' and kod_c='''''),
('planz', 'kfob', '+', 'Форма обучения', 'select', '', 'sps', 'kod_c', 'naim', 'spr=''FOB'' and kod_n=0'),
('planz', 'kosv', '+', 'Уровень образования', 'select', '', 'sps', 'kod_c', 'naim', 'spr=''OSV'' and kod_n=0'),
('planz', 'kspc', '+', 'Специальность', 'select', '', 'sps', 'kod_n', 'naim', 'spr=''SPC'' and kod_c='''''),
('planz', 'sid_a', '+', 'Кто добавил', 'hidden', '', '', '', '', ''),
('planz', 'srok', '+', 'Срок обучения', 'text', '[0-9]{,4}', '', '', '', ''),
('planz', 'uid', '+', 'Кафедра', 'select', '', 'unit', 'uid', 'naim', ''),
('planz', 'year_from', '+', 'Год с', 'text', '[0-9]{4}', '', '', '', '');

-- --------------------------------------------------------

--
-- Структура таблицы `planc`
--

CREATE TABLE IF NOT EXISTS "planc" (
  "id_plan" int(11) unsigned NOT NULL COMMENT 'Уникальный номер плана',
  "ndel" int(11) NOT NULL COMMENT 'Номер деления года',
  "npp" int(10) unsigned NOT NULL COMMENT 'Номер по порядку в плане',
  "L" decimal(3,1) NOT NULL COMMENT 'Лекции',
  "G" decimal(3,1) NOT NULL COMMENT 'Групповые',
  "P" decimal(3,1) NOT NULL COMMENT 'Полугрупповые',
  "RGZ" decimal(3,1) NOT NULL COMMENT 'РГЗ (кол-во)',
  "KP_KUR" varchar(15) COLLATE utf8_unicode_ci NOT NULL COMMENT 'Курсовые',
  "KKON" varchar(15) COLLATE utf8_unicode_ci NOT NULL COMMENT 'форма контроля',
  PRIMARY KEY ("id_plan","npp","ndel"),
  KEY "fk_planc_windel" ("id_plan","ndel")
);

--
-- Дамп данных таблицы `planc`
--

INSERT INTO `planc` (`id_plan`, `ndel`, `npp`, `L`, `G`, `P`, `RGZ`, `KP_KUR`, `KKON`) VALUES
(1, 1, 1, '2.0', '1.0', '0.0', '0.0', '', 'Е'),
(1, 3, 2, '2.7', '2.3', '0.0', '0.0', '', 'Е'),
(1, 2, 3, '2.0', '1.0', '0.0', '0.0', '', 'Е'),
(1, 1, 4, '0.0', '0.0', '3.0', '0.0', '', 'Е'),
(1, 1, 5, '1.0', '0.0', '1.0', '0.0', '', 'З'),
(1, 2, 5, '1.0', '0.0', '1.0', '0.0', '', 'Е'),
(1, 1, 6, '1.0', '1.0', '0.0', '0.0', '', ''),
(1, 2, 6, '1.0', '1.0', '0.0', '0.0', '', 'Е'),
(1, 1, 7, '0.0', '0.0', '2.0', '0.0', '', 'З'),
(1, 2, 7, '0.0', '0.0', '2.0', '0.0', '', ''),
(1, 3, 7, '0.0', '0.0', '2.0', '0.0', '', 'Е'),
(1, 4, 8, '1.0', '1.0', '0.0', '0.0', '', ''),
(1, 5, 8, '1.0', '1.0', '0.0', '0.0', '', 'Е'),
(1, 1, 9, '1.0', '1.0', '0.0', '0.0', '', 'З'),
(1, 2, 9, '1.0', '1.0', '0.0', '0.0', '', 'Е'),
(1, 6, 10, '1.0', '0.0', '1.0', '0.0', '', ''),
(1, 7, 10, '1.0', '0.0', '1.0', '0.0', '', 'З'),
(1, 8, 10, '1.0', '0.0', '1.0', '0.0', '', ''),
(1, 9, 10, '1.0', '0.0', '1.0', '0.0', '', 'Е'),
(1, 10, 10, '1.0', '0.0', '1.0', '0.0', '', 'З'),
(1, 10, 11, '1.3', '0.0', '1.3', '0.0', '', 'Е'),
(1, 1, 12, '0.0', '0.0', '8.0', '0.0', '', 'Е'),
(1, 2, 12, '0.0', '0.0', '6.0', '0.0', '', 'З'),
(1, 3, 12, '0.0', '0.0', '10.0', '0.0', '', 'З'),
(1, 4, 12, '0.0', '0.0', '7.0', '0.0', '', ''),
(1, 5, 12, '0.0', '0.0', '5.0', '0.0', '', 'З'),
(1, 6, 12, '0.0', '0.0', '8.0', '0.0', '', 'Е'),
(1, 7, 12, '0.0', '0.0', '4.0', '0.0', 'КР', ''),
(1, 8, 12, '0.0', '0.0', '4.0', '0.0', '', 'З'),
(1, 9, 12, '0.0', '0.0', '6.0', '0.0', '', ''),
(1, 10, 12, '0.0', '0.0', '3.0', '0.0', '', 'З'),
(1, 11, 12, '0.0', '0.0', '6.0', '0.0', '', 'Е'),
(1, 1, 13, '0.0', '0.0', '5.0', '0.0', '', 'Е'),
(1, 2, 13, '0.0', '0.0', '5.0', '0.0', '', ''),
(1, 3, 13, '0.0', '0.0', '7.0', '0.0', '', 'З'),
(1, 4, 13, '0.0', '0.0', '4.0', '0.0', '', 'Е'),
(1, 5, 13, '0.0', '0.0', '4.0', '0.0', '', ''),
(1, 6, 13, '0.0', '0.0', '4.0', '0.0', '', 'З'),
(1, 7, 13, '0.0', '0.0', '4.0', '0.0', '', 'Е'),
(1, 8, 13, '0.0', '0.0', '3.0', '0.0', '', ''),
(1, 9, 13, '0.0', '0.0', '4.0', '0.0', '', 'З'),
(1, 10, 13, '0.0', '0.0', '4.0', '0.0', '', ''),
(1, 11, 13, '0.0', '0.0', '6.0', '0.0', '', 'Е'),
(1, 4, 14, '1.0', '0.0', '1.0', '0.0', '', 'З'),
(1, 5, 14, '1.0', '0.0', '1.0', '0.0', '', 'Е'),
(1, 6, 14, '0.0', '0.0', '0.0', '0.0', 'КР', ''),
(1, 5, 15, '1.0', '0.0', '1.0', '0.0', '', 'З'),
(1, 6, 15, '1.0', '0.0', '1.0', '0.0', '', 'Е'),
(1, 4, 16, '0.0', '0.0', '3.0', '0.0', '', 'Е'),
(1, 5, 16, '0.0', '0.0', '3.0', '0.0', '', ''),
(1, 6, 16, '0.0', '0.0', '2.0', '0.0', '', 'З'),
(1, 7, 16, '0.0', '0.0', '3.0', '0.0', '', ''),
(1, 8, 16, '0.0', '0.0', '3.0', '0.0', '', 'Е'),
(1, 9, 16, '0.0', '0.0', '3.0', '0.0', '', 'З'),
(1, 10, 16, '0.0', '0.0', '3.0', '0.0', '', ''),
(1, 11, 16, '0.0', '0.0', '2.0', '0.0', '', 'Е'),
(1, 7, 17, '1.4', '0.0', '1.6', '0.0', '', 'Е'),
(1, 2, 18, '1.0', '0.0', '2.0', '0.0', '', 'З'),
(1, 5, 19, '1.6', '1.4', '0.0', '0.0', '', 'Е'),
(1, 9, 20, '0.0', '0.0', '0.0', '0.0', '', 'З'),
(1, 12, 21, '0.0', '0.0', '0.0', '0.0', '', 'З'),
(1, 12, 22, '0.0', '0.0', '0.0', '0.0', '', 'З'),
(1, 12, 23, '0.0', '0.0', '0.0', '0.0', '', 'Е'),
(1, 2, 24, '2.0', '1.0', '0.0', '0.0', '', 'З'),
(1, 1, 25, '0.0', '3.0', '0.0', '0.0', '', ''),
(1, 2, 25, '0.0', '2.0', '0.0', '0.0', '', ''),
(1, 3, 25, '0.0', '4.0', '0.0', '0.0', '', ''),
(1, 4, 25, '0.0', '3.0', '0.0', '0.0', '', ''),
(1, 5, 25, '0.0', '2.0', '0.0', '0.0', '', ''),
(1, 6, 25, '0.0', '4.0', '0.0', '0.0', '', 'З'),
(1, 7, 25, '0.0', '3.0', '0.0', '0.0', '', ''),
(1, 8, 25, '0.0', '2.0', '0.0', '0.0', '', ''),
(1, 9, 25, '0.0', '4.0', '0.0', '0.0', '', ''),
(1, 10, 25, '0.0', '3.0', '0.0', '0.0', '', 'З'),
(1, 11, 25, '0.0', '2.0', '0.0', '0.0', '', ''),
(1, 4, 26, '2.0', '1.0', '0.0', '0.0', '', 'З'),
(1, 5, 27, '2.0', '1.0', '0.0', '0.0', '', 'З'),
(1, 7, 28, '2.0', '1.0', '0.0', '0.0', '', 'З'),
(1, 8, 29, '2.0', '1.0', '0.0', '0.0', '', 'З'),
(1, 5, 35, '2.0', '1.0', '0.0', '0.0', '', 'З'),
(1, 7, 36, '1.0', '0.0', '1.0', '0.0', '', 'З'),
(1, 8, 36, '1.0', '0.0', '1.0', '0.0', '', 'Е'),
(1, 8, 37, '1.0', '0.0', '1.0', '0.0', '', 'З'),
(1, 9, 37, '1.0', '0.0', '1.0', '0.0', '', 'Е'),
(1, 9, 38, '1.0', '0.0', '1.0', '0.0', '', 'З'),
(1, 10, 38, '1.0', '0.0', '1.0', '0.0', '', 'Е'),
(1, 10, 39, '0.8', '0.0', '0.7', '0.0', '', 'З'),
(1, 11, 39, '1.0', '0.0', '1.0', '0.0', '', 'Е'),
(1, 8, 40, '0.5', '0.0', '0.5', '0.0', '', ''),
(1, 9, 40, '0.9', '0.0', '0.6', '0.0', '', 'Е'),
(1, 10, 40, '1.0', '0.0', '1.0', '0.0', '', ''),
(1, 11, 40, '1.0', '0.0', '1.0', '0.0', '', 'З'),
(1, 6, 41, '0.0', '0.0', '2.0', '0.0', '', ''),
(1, 7, 41, '0.0', '0.0', '5.0', '0.0', '', 'Е'),
(1, 8, 41, '0.0', '0.0', '4.0', '0.0', '', 'Е'),
(1, 9, 41, '0.0', '0.0', '3.5', '0.0', '', ''),
(1, 10, 41, '0.0', '0.0', '4.0', '0.0', '', ''),
(1, 11, 41, '0.0', '0.0', '4.0', '0.0', '', 'З'),
(1, 6, 42, '0.5', '0.0', '0.5', '0.0', '', ''),
(1, 7, 42, '0.5', '0.0', '0.5', '0.0', '', 'З'),
(1, 8, 42, '1.0', '0.0', '1.0', '0.0', '', ''),
(1, 9, 42, '1.0', '0.0', '1.0', '0.0', 'КР', 'Е'),
(1, 10, 42, '1.0', '0.0', '1.0', '0.0', '', 'Е'),
(1, 11, 42, '1.0', '0.0', '1.0', '0.0', '', ''),
(1, 5, 43, '2.0', '1.0', '0.0', '0.0', '', 'З'),
(1, 7, 44, '1.0', '0.0', '1.0', '0.0', '', 'З'),
(1, 8, 44, '1.0', '0.0', '1.0', '0.0', '', 'Е'),
(1, 8, 45, '1.0', '0.0', '1.0', '0.0', '', 'З'),
(1, 9, 45, '1.0', '0.0', '1.0', '0.0', '', 'Е'),
(1, 9, 46, '1.0', '0.0', '1.0', '0.0', '', 'З'),
(1, 10, 46, '1.0', '0.0', '1.0', '0.0', '', 'Е'),
(1, 10, 47, '0.8', '0.0', '0.7', '0.0', '', 'З'),
(1, 11, 47, '1.0', '0.0', '1.0', '0.0', '', 'Е'),
(1, 8, 48, '0.5', '0.0', '0.5', '0.0', '', ''),
(1, 9, 48, '1.0', '0.0', '0.5', '0.0', '', 'Е'),
(1, 10, 48, '1.0', '0.0', '1.0', '0.0', '', ''),
(1, 11, 48, '1.0', '0.0', '1.0', '0.0', '', 'З'),
(1, 6, 49, '0.0', '0.0', '2.0', '0.0', '', ''),
(1, 7, 49, '0.0', '0.0', '5.0', '0.0', '', 'Е'),
(1, 8, 49, '0.0', '0.0', '4.0', '0.0', '', 'Е'),
(1, 9, 49, '0.0', '0.0', '3.5', '0.0', '', ''),
(1, 10, 49, '0.0', '0.0', '4.0', '0.0', '', ''),
(1, 11, 49, '0.0', '0.0', '4.0', '0.0', '', 'З'),
(1, 6, 50, '0.5', '0.0', '0.5', '0.0', '', ''),
(1, 7, 50, '0.5', '0.0', '0.5', '0.0', '', 'З'),
(1, 8, 50, '1.0', '0.0', '1.0', '0.0', '', ''),
(1, 9, 50, '1.0', '0.0', '1.0', '0.0', 'КР', 'Е'),
(1, 10, 50, '1.0', '0.0', '1.0', '0.0', '', 'Е'),
(1, 11, 50, '1.0', '0.0', '1.0', '0.0', '', ''),
(1, 7, 51, '0.0', '0.0', '3.0', '0.0', '', ''),
(1, 8, 51, '0.0', '0.0', '3.0', '0.0', '', 'З'),
(1, 9, 51, '0.0', '0.0', '3.0', '0.0', '', ''),
(1, 10, 51, '0.0', '0.0', '2.0', '0.0', '', ''),
(1, 11, 51, '0.0', '0.0', '3.0', '0.0', '', 'З'),
(1, 10, 52, '1.0', '0.0', '1.0', '0.0', '', ''),
(1, 11, 52, '0.5', '0.0', '0.5', '0.0', '', 'З'),
(1, 1, 53, '0.0', '0.0', '5.0', '0.0', '', ''),
(1, 2, 53, '0.0', '0.0', '4.0', '0.0', '', ''),
(1, 3, 53, '0.0', '0.0', '3.0', '0.0', '', ''),
(1, 4, 53, '0.0', '0.0', '1.0', '0.0', '', ''),
(1, 5, 53, '0.0', '0.0', '3.0', '0.0', '', ''),
(1, 6, 53, '0.0', '0.0', '3.0', '0.0', '', ''),
(1, 7, 53, '0.0', '0.0', '1.0', '0.0', '', ''),
(1, 8, 53, '0.0', '0.0', '1.0', '0.0', '', ''),
(1, 9, 53, '0.0', '0.0', '1.0', '0.0', '', ''),
(1, 10, 53, '0.0', '0.0', '1.0', '0.0', '', ''),
(1, 11, 53, '0.0', '0.0', '1.0', '0.0', '', ''),
(1, 2, 54, '0.0', '0.0', '1.0', '0.0', '', ''),
(1, 3, 54, '0.0', '0.0', '2.0', '0.0', '', ''),
(1, 4, 54, '0.0', '0.0', '2.0', '0.0', '', ''),
(1, 4, 55, '0.0', '0.0', '2.0', '0.0', '', ''),
(1, 5, 55, '0.0', '0.0', '2.0', '0.0', '', ''),
(1, 6, 55, '0.0', '0.0', '2.0', '0.0', '', 'З'),
(1, 7, 55, '0.0', '0.0', '1.0', '0.0', '', ''),
(1, 8, 55, '0.0', '0.0', '1.0', '0.0', '', ''),
(1, 9, 55, '0.0', '0.0', '1.0', '0.0', '', 'З');

-- --------------------------------------------------------

--
-- Структура таблицы `plang`
--

CREATE TABLE IF NOT EXISTS "plang" (
  "id_plan" int(11) unsigned NOT NULL COMMENT 'Уникальный номер плана',
  "kurs" smallint(6) NOT NULL COMMENT 'Курс',
  "nweek" smallint(6) NOT NULL COMMENT 'Номер недели',
  "kweek" varchar(3) COLLATE utf8_unicode_ci NOT NULL COMMENT 'Код недели',
  "sid_a" int(11) NOT NULL COMMENT 'Кто добавил',
  "date_a" datetime NOT NULL COMMENT 'Когда добавил',
  PRIMARY KEY ("id_plan","kurs","nweek")
);

--
-- Дамп данных таблицы `plang`
--

INSERT INTO `plang` (`id_plan`, `kurs`, `nweek`, `kweek`, `sid_a`, `date_a`) VALUES
(1, 1, 1, 'Т', 0, '2016-12-24 12:11:43'),
(1, 1, 2, 'Т', 0, '2016-12-24 12:11:43'),
(1, 1, 3, 'Т', 0, '2016-12-24 12:11:43'),
(1, 1, 4, 'Т', 0, '2016-12-24 12:11:43'),
(1, 1, 5, 'Т', 0, '2016-12-24 12:11:43'),
(1, 1, 6, 'Т', 0, '2016-12-24 12:11:43'),
(1, 1, 7, 'Т', 0, '2016-12-24 12:11:44'),
(1, 1, 8, 'Т', 0, '2016-12-24 12:11:44'),
(1, 1, 9, 'Т', 0, '2016-12-24 12:11:44'),
(1, 1, 10, 'Т', 0, '2016-12-24 12:11:44'),
(1, 1, 11, 'Т', 0, '2016-12-24 12:11:44'),
(1, 1, 12, 'Т', 0, '2016-12-24 12:11:44'),
(1, 1, 13, 'Т', 0, '2016-12-24 12:11:44'),
(1, 1, 14, 'Т', 0, '2016-12-24 12:11:44'),
(1, 1, 15, 'З', 0, '2016-12-24 12:11:44'),
(1, 1, 16, 'С', 0, '2016-12-24 12:11:44'),
(1, 1, 17, 'С', 0, '2016-12-24 12:11:44'),
(1, 1, 18, 'К', 0, '2016-12-24 12:11:44'),
(1, 1, 19, 'Т', 0, '2016-12-24 12:11:44'),
(1, 1, 20, 'Т', 0, '2016-12-24 12:11:44'),
(1, 1, 21, 'Т', 0, '2016-12-24 12:11:44'),
(1, 1, 22, 'Т', 0, '2016-12-24 12:11:45'),
(1, 1, 23, 'Т', 0, '2016-12-24 12:11:45'),
(1, 1, 24, 'Т', 0, '2016-12-24 12:11:45'),
(1, 1, 25, 'Т', 0, '2016-12-24 12:11:45'),
(1, 1, 26, 'Т', 0, '2016-12-24 12:11:45'),
(1, 1, 27, 'Т', 0, '2016-12-24 12:11:45'),
(1, 1, 28, 'Т', 0, '2016-12-24 12:11:45'),
(1, 1, 29, 'Т', 0, '2016-12-24 12:11:45'),
(1, 1, 30, 'Т', 0, '2016-12-24 12:11:45'),
(1, 1, 31, 'Т', 0, '2016-12-24 12:11:45'),
(1, 1, 32, 'Т', 0, '2016-12-24 12:11:45'),
(1, 1, 33, 'С', 0, '2016-12-24 12:11:45'),
(1, 1, 34, 'С', 0, '2016-12-24 12:11:45'),
(1, 1, 35, 'К', 0, '2016-12-24 12:11:45'),
(1, 1, 36, 'Т', 0, '2016-12-24 12:11:45'),
(1, 1, 37, 'Т', 0, '2016-12-24 12:11:46'),
(1, 1, 38, 'Т', 0, '2016-12-24 12:11:46'),
(1, 1, 39, 'Т', 0, '2016-12-24 12:11:46'),
(1, 1, 40, 'Т', 0, '2016-12-24 12:11:46'),
(1, 1, 41, 'Т', 0, '2016-12-24 12:11:46'),
(1, 1, 42, 'С', 0, '2016-12-24 12:11:46'),
(1, 1, 43, 'С', 0, '2016-12-24 12:11:46'),
(1, 1, 44, 'К', 0, '2016-12-24 12:11:46'),
(1, 1, 45, 'К', 0, '2016-12-24 12:11:46'),
(1, 1, 46, 'К', 0, '2016-12-24 12:11:46'),
(1, 1, 47, 'К', 0, '2016-12-24 12:11:46'),
(1, 1, 48, 'К', 0, '2016-12-24 12:11:46'),
(1, 1, 49, 'К', 0, '2016-12-24 12:11:46'),
(1, 1, 50, 'К', 0, '2016-12-24 12:11:46'),
(1, 1, 51, 'К', 0, '2016-12-24 12:11:46'),
(1, 1, 52, 'К', 0, '2016-12-24 12:11:46'),
(1, 2, 1, 'Т', 0, '2016-12-24 12:11:46'),
(1, 2, 2, 'Т', 0, '2016-12-24 12:11:46'),
(1, 2, 3, 'Т', 0, '2016-12-24 12:11:47'),
(1, 2, 4, 'Т', 0, '2016-12-24 12:11:47'),
(1, 2, 5, 'Т', 0, '2016-12-24 12:11:47'),
(1, 2, 6, 'Т', 0, '2016-12-24 12:11:47'),
(1, 2, 7, 'Т', 0, '2016-12-24 12:11:47'),
(1, 2, 8, 'Т', 0, '2016-12-24 12:11:47'),
(1, 2, 9, 'Т', 0, '2016-12-24 12:11:47'),
(1, 2, 10, 'Т', 0, '2016-12-24 12:11:47'),
(1, 2, 11, 'Т', 0, '2016-12-24 12:11:47'),
(1, 2, 12, 'Т', 0, '2016-12-24 12:11:47'),
(1, 2, 13, 'Т', 0, '2016-12-24 12:11:47'),
(1, 2, 14, 'Т', 0, '2016-12-24 12:11:47'),
(1, 2, 15, 'З', 0, '2016-12-24 12:11:47'),
(1, 2, 16, 'С', 0, '2016-12-24 12:11:47'),
(1, 2, 17, 'С', 0, '2016-12-24 12:11:48'),
(1, 2, 18, 'К', 0, '2016-12-24 12:11:48'),
(1, 2, 19, 'Т', 0, '2016-12-24 12:11:48'),
(1, 2, 20, 'Т', 0, '2016-12-24 12:11:48'),
(1, 2, 21, 'Т', 0, '2016-12-24 12:11:48'),
(1, 2, 22, 'Т', 0, '2016-12-24 12:11:48'),
(1, 2, 23, 'Т', 0, '2016-12-24 12:11:48'),
(1, 2, 24, 'Т', 0, '2016-12-24 12:11:48'),
(1, 2, 25, 'Т', 0, '2016-12-24 12:11:48'),
(1, 2, 26, 'Т', 0, '2016-12-24 12:11:48'),
(1, 2, 27, 'Т', 0, '2016-12-24 12:11:48'),
(1, 2, 28, 'Т', 0, '2016-12-24 12:11:48'),
(1, 2, 29, 'Т', 0, '2016-12-24 12:11:48'),
(1, 2, 30, 'Т', 0, '2016-12-24 12:11:48'),
(1, 2, 31, 'Т', 0, '2016-12-24 12:11:48'),
(1, 2, 32, 'Т', 0, '2016-12-24 12:11:49'),
(1, 2, 33, 'С', 0, '2016-12-24 12:11:49'),
(1, 2, 34, 'С', 0, '2016-12-24 12:11:49'),
(1, 2, 35, 'К', 0, '2016-12-24 12:11:49'),
(1, 2, 36, 'Т', 0, '2016-12-24 12:11:49'),
(1, 2, 37, 'Т', 0, '2016-12-24 12:11:49'),
(1, 2, 38, 'Т', 0, '2016-12-24 12:11:49'),
(1, 2, 39, 'Т', 0, '2016-12-24 12:11:49'),
(1, 2, 40, 'Т', 0, '2016-12-24 12:11:50'),
(1, 2, 41, 'Т', 0, '2016-12-24 12:11:50'),
(1, 2, 42, 'С', 0, '2016-12-24 12:11:50'),
(1, 2, 43, 'С', 0, '2016-12-24 12:11:50'),
(1, 2, 44, 'К', 0, '2016-12-24 12:11:50'),
(1, 2, 45, 'К', 0, '2016-12-24 12:11:50'),
(1, 2, 46, 'К', 0, '2016-12-24 12:11:50'),
(1, 2, 47, 'К', 0, '2016-12-24 12:11:51'),
(1, 2, 48, 'К', 0, '2016-12-24 12:11:51'),
(1, 2, 49, 'К', 0, '2016-12-24 12:11:51'),
(1, 2, 50, 'К', 0, '2016-12-24 12:11:51'),
(1, 2, 51, 'К', 0, '2016-12-24 12:11:51'),
(1, 2, 52, 'К', 0, '2016-12-24 12:11:51'),
(1, 3, 1, 'Т', 0, '2016-12-24 12:11:51'),
(1, 3, 2, 'Т', 0, '2016-12-24 12:11:51'),
(1, 3, 3, 'Т', 0, '2016-12-24 12:11:51'),
(1, 3, 4, 'Т', 0, '2016-12-24 12:11:51'),
(1, 3, 5, 'Т', 0, '2016-12-24 12:11:51'),
(1, 3, 6, 'Т', 0, '2016-12-24 12:11:51'),
(1, 3, 7, 'Т', 0, '2016-12-24 12:11:51'),
(1, 3, 8, 'Т', 0, '2016-12-24 12:11:51'),
(1, 3, 9, 'Т', 0, '2016-12-24 12:11:51'),
(1, 3, 10, 'Т', 0, '2016-12-24 12:11:51'),
(1, 3, 11, 'Т', 0, '2016-12-24 12:11:52'),
(1, 3, 12, 'Т', 0, '2016-12-24 12:11:52'),
(1, 3, 13, 'Т', 0, '2016-12-24 12:11:52'),
(1, 3, 14, 'Т', 0, '2016-12-24 12:11:52'),
(1, 3, 15, 'З', 0, '2016-12-24 12:11:52'),
(1, 3, 16, 'С', 0, '2016-12-24 12:11:52'),
(1, 3, 17, 'С', 0, '2016-12-24 12:11:52'),
(1, 3, 18, 'К', 0, '2016-12-24 12:11:52'),
(1, 3, 19, 'Т', 0, '2016-12-24 12:11:52'),
(1, 3, 20, 'Т', 0, '2016-12-24 12:11:52'),
(1, 3, 21, 'Т', 0, '2016-12-24 12:11:52'),
(1, 3, 22, 'Т', 0, '2016-12-24 12:11:52'),
(1, 3, 23, 'Т', 0, '2016-12-24 12:11:52'),
(1, 3, 24, 'Т', 0, '2016-12-24 12:11:52'),
(1, 3, 25, 'Т', 0, '2016-12-24 12:11:52'),
(1, 3, 26, 'Т', 0, '2016-12-24 12:11:53'),
(1, 3, 27, 'Т', 0, '2016-12-24 12:11:53'),
(1, 3, 28, 'Т', 0, '2016-12-24 12:11:53'),
(1, 3, 29, 'Т', 0, '2016-12-24 12:11:53'),
(1, 3, 30, 'Т', 0, '2016-12-24 12:11:53'),
(1, 3, 31, 'Т', 0, '2016-12-24 12:11:53'),
(1, 3, 32, 'Т', 0, '2016-12-24 12:11:53'),
(1, 3, 33, 'С', 0, '2016-12-24 12:11:53'),
(1, 3, 34, 'С', 0, '2016-12-24 12:11:53'),
(1, 3, 35, 'К', 0, '2016-12-24 12:11:53'),
(1, 3, 36, 'Т', 0, '2016-12-24 12:11:53'),
(1, 3, 37, 'Т', 0, '2016-12-24 12:11:53'),
(1, 3, 38, 'Т', 0, '2016-12-24 12:11:53'),
(1, 3, 39, 'Т', 0, '2016-12-24 12:11:53'),
(1, 3, 40, 'Т', 0, '2016-12-24 12:11:53'),
(1, 3, 41, 'Т', 0, '2016-12-24 12:11:54'),
(1, 3, 42, 'С', 0, '2016-12-24 12:11:54'),
(1, 3, 43, 'С', 0, '2016-12-24 12:11:54'),
(1, 3, 44, 'П', 0, '2016-12-24 12:11:54'),
(1, 3, 45, 'П', 0, '2016-12-24 12:11:54'),
(1, 3, 46, 'К', 0, '2016-12-24 12:11:54'),
(1, 3, 47, 'К', 0, '2016-12-24 12:11:54'),
(1, 3, 48, 'К', 0, '2016-12-24 12:11:54'),
(1, 3, 49, 'К', 0, '2016-12-24 12:11:54'),
(1, 3, 50, 'К', 0, '2016-12-24 12:11:54'),
(1, 3, 51, 'К', 0, '2016-12-24 12:11:54'),
(1, 3, 52, 'К', 0, '2016-12-24 12:11:54'),
(1, 4, 1, 'Т', 0, '2016-12-24 12:11:54'),
(1, 4, 2, 'Т', 0, '2016-12-24 12:11:54'),
(1, 4, 3, 'Т', 0, '2016-12-24 12:11:55'),
(1, 4, 4, 'Т', 0, '2016-12-24 12:11:55'),
(1, 4, 5, 'Т', 0, '2016-12-24 12:11:55'),
(1, 4, 6, 'Т', 0, '2016-12-24 12:11:55'),
(1, 4, 7, 'Т', 0, '2016-12-24 12:11:55'),
(1, 4, 8, 'Т', 0, '2016-12-24 12:11:55'),
(1, 4, 9, 'Т', 0, '2016-12-24 12:11:55'),
(1, 4, 10, 'Т', 0, '2016-12-24 12:11:55'),
(1, 4, 11, 'Т', 0, '2016-12-24 12:11:55'),
(1, 4, 12, 'Т', 0, '2016-12-24 12:11:55'),
(1, 4, 13, 'Т', 0, '2016-12-24 12:11:55'),
(1, 4, 14, 'Т', 0, '2016-12-24 12:11:55'),
(1, 4, 15, 'З', 0, '2016-12-24 12:11:55'),
(1, 4, 16, 'С', 0, '2016-12-24 12:11:56'),
(1, 4, 17, 'С', 0, '2016-12-24 12:11:56'),
(1, 4, 18, 'К', 0, '2016-12-24 12:11:56'),
(1, 4, 19, 'Т', 0, '2016-12-24 12:11:56'),
(1, 4, 20, 'Т', 0, '2016-12-24 12:11:56'),
(1, 4, 21, 'Т', 0, '2016-12-24 12:11:56'),
(1, 4, 22, 'Т', 0, '2016-12-24 12:11:57'),
(1, 4, 23, 'Т', 0, '2016-12-24 12:11:57'),
(1, 4, 24, 'Т', 0, '2016-12-24 12:11:57'),
(1, 4, 25, 'Т', 0, '2016-12-24 12:11:57'),
(1, 4, 26, 'Т', 0, '2016-12-24 12:11:57'),
(1, 4, 27, 'Т', 0, '2016-12-24 12:11:57'),
(1, 4, 28, 'Т', 0, '2016-12-24 12:11:57'),
(1, 4, 29, 'Т', 0, '2016-12-24 12:11:57'),
(1, 4, 30, 'Т', 0, '2016-12-24 12:11:57'),
(1, 4, 31, 'С', 0, '2016-12-24 12:11:57'),
(1, 4, 32, 'С', 0, '2016-12-24 12:11:57'),
(1, 4, 33, 'К', 0, '2016-12-24 12:11:58'),
(1, 4, 34, 'П', 0, '2016-12-24 12:11:58'),
(1, 4, 35, 'П', 0, '2016-12-24 12:11:58'),
(1, 4, 36, 'П', 0, '2016-12-24 12:11:58'),
(1, 4, 37, 'П', 0, '2016-12-24 12:11:58'),
(1, 4, 38, 'Д', 0, '2016-12-24 12:11:58'),
(1, 4, 39, 'Д', 0, '2016-12-24 12:11:58'),
(1, 4, 40, 'Д', 0, '2016-12-24 12:11:58'),
(1, 4, 41, 'Де', 0, '2016-12-24 12:11:58'),
(1, 4, 42, 'Де', 0, '2016-12-24 12:11:58'),
(1, 4, 43, 'Дп', 0, '2016-12-24 12:11:58');

-- --------------------------------------------------------

--
-- Структура таблицы `plans`
--

CREATE TABLE IF NOT EXISTS "plans" (
  "id_plan" int(11) unsigned NOT NULL COMMENT 'Уникальный номер плана',
  "npp" int(10) unsigned NOT NULL COMMENT 'Номер по порядку в плане',
  "kdisc" int(11) NOT NULL COMMENT 'Код дисциплины',
  "uid" int(11) NOT NULL COMMENT 'Код кафедры',
  "ECTS" decimal(4,1) NOT NULL COMMENT 'Кредиты ECTS',
  "kcycle" int(11) NOT NULL COMMENT 'Код цикла',
  PRIMARY KEY ("id_plan","npp")
);

--
-- Дамп данных таблицы `plans`
--

INSERT INTO `plans` (`id_plan`, `npp`, `kdisc`, `uid`, `ECTS`, `kcycle`) VALUES
(1, 1, 39, 18, '3.0', 16),
(1, 2, 42, 28, '3.0', 16),
(1, 3, 41, 18, '3.0', 16),
(1, 4, 106, 21, '3.0', 16),
(1, 5, 107, 26, '4.0', 17),
(1, 6, 108, 21, '4.0', 17),
(1, 7, 109, 26, '5.0', 17),
(1, 8, 110, 21, '4.0', 17),
(1, 9, 111, 21, '4.0', 17),
(1, 10, 112, 26, '7.5', 17),
(1, 11, 113, 26, '3.0', 18),
(1, 12, 114, 26, '48.5', 18),
(1, 13, 115, 35, '37.5', 18),
(1, 14, 116, 26, '4.0', 18),
(1, 15, 117, 35, '3.0', 18),
(1, 16, 118, 26, '17.5', 18),
(1, 17, 119, 26, '3.0', 18),
(1, 18, 120, 12, '3.0', 18),
(1, 19, 121, 23, '3.0', 18),
(1, 20, 122, 26, '3.0', 18),
(1, 21, 123, 26, '3.0', 18),
(1, 22, 12, 26, '3.0', 18),
(1, 23, 124, 26, '4.5', 18),
(1, 24, 45, 15, '3.0', 7),
(1, 25, 125, 36, '0.0', 7),
(1, 26, 75, 14, '3.0', 20),
(1, 27, 77, 31, '3.0', 20),
(1, 28, 74, 28, '3.0', 20),
(1, 29, 81, 19, '3.0', 20),
(1, 30, 126, 28, '0.0', 20),
(1, 31, 79, 28, '0.0', 20),
(1, 32, 127, 28, '0.0', 20),
(1, 33, 80, 32, '0.0', 20),
(1, 34, 76, 30, '0.0', 20),
(1, 35, 128, 21, '3.0', 11),
(1, 36, 129, 26, '4.0', 11),
(1, 37, 130, 26, '3.0', 11),
(1, 38, 131, 26, '3.0', 11),
(1, 39, 132, 26, '3.0', 11),
(1, 40, 133, 35, '5.0', 11),
(1, 41, 134, 35, '19.5', 11),
(1, 42, 135, 26, '8.0', 11),
(1, 43, 136, 34, '3.0', 12),
(1, 44, 137, 26, '4.0', 12),
(1, 45, 138, 26, '3.0', 12),
(1, 46, 139, 26, '3.0', 12),
(1, 47, 140, 26, '3.0', 12),
(1, 48, 141, 35, '5.0', 12),
(1, 49, 142, 35, '19.5', 12),
(1, 50, 143, 26, '8.0', 12),
(1, 51, 144, 26, '14.0', 15),
(1, 52, 145, 26, '3.0', 15),
(1, 53, 146, 26, '20.0', 15),
(1, 54, 147, 35, '4.0', 15),
(1, 55, 148, 26, '7.0', 15);

-- --------------------------------------------------------

--
-- Структура таблицы `planz`
--

CREATE TABLE IF NOT EXISTS "planz" (
  "kspc" int(11) NOT NULL COMMENT 'код специальности',
  "uid" int(11) NOT NULL COMMENT 'код кафедры',
  "year_from" int(11) NOT NULL COMMENT 'год поступления',
  "kosv" varchar(15) COLLATE utf8_unicode_ci NOT NULL COMMENT 'код уровня образования',
  "kfob" varchar(15) COLLATE utf8_unicode_ci NOT NULL COMMENT 'код формы обучения',
  "id" int(11) unsigned NOT NULL COMMENT 'уникальный номер',
  "kdel" int(11) NOT NULL COMMENT 'деление года',
  "oblz" text COLLATE utf8_unicode_ci NOT NULL COMMENT 'область знаний',
  "kvalif" text COLLATE utf8_unicode_ci NOT NULL COMMENT 'квалификация',
  "srokY" smallint(6) NOT NULL COMMENT 'лет обучения',
  "srokM" smallint(6) NOT NULL COMMENT 'месяцев обучения',
  "osnov" text COLLATE utf8_unicode_ci NOT NULL COMMENT 'на основе',
  "hoursInCredit" smallint(6) NOT NULL COMMENT 'часов в кредите',
  "sid_a" int(11) NOT NULL COMMENT 'Кто добавил',
  "date_a" datetime NOT NULL COMMENT 'Когда добавил',
  PRIMARY KEY ("id"),
  UNIQUE KEY "MY_PK" ("kspc","uid","year_from","kosv","kfob"),
  KEY "uid" ("uid")
) AUTO_INCREMENT=2 ;

--
-- Дамп данных таблицы `planz`
--

INSERT INTO `planz` (`kspc`, `uid`, `year_from`, `kosv`, `kfob`, `id`, `kdel`, `oblz`, `kvalif`, `srokY`, `srokM`, `osnov`, `hoursInCredit`, `sid_a`, `date_a`) VALUES
(2, 8, 2015, 'Б', 'Д', 1, 3, 'підготовки бакалавра з галузі знань 03 - Гуманітарні науки', '(Переклад з німецької та англійської мов): Бакалавр філології, перекладач з німецької та англійської мов (2444.2)  (Переклад з англійської та німецької мов): Бакалавр філології, перекладач з англійської та німецької мов', 3, 10, 'повної середньої освіти', 30, 0, '2016-12-24 12:11:43');

-- --------------------------------------------------------

--
-- Структура таблицы `sps`
--

CREATE TABLE IF NOT EXISTS "sps" (
  "spr" varchar(15) COLLATE utf8_unicode_ci NOT NULL COMMENT 'Код справочника',
  "kod_c" varchar(15) COLLATE utf8_unicode_ci NOT NULL DEFAULT '' COMMENT 'Код символьный',
  "kod_n" int(11) NOT NULL DEFAULT '0' COMMENT 'Код числовой',
  "date_from" date DEFAULT NULL COMMENT 'Дата действия с',
  "date_to" date DEFAULT NULL COMMENT 'Дата действия по',
  "naim" varchar(200) COLLATE utf8_unicode_ci NOT NULL COMMENT 'Наименование',
  "naim_s" varchar(30) COLLATE utf8_unicode_ci NOT NULL COMMENT 'Наименование сокращенное',
  "kodn_pr" int(10) unsigned DEFAULT NULL COMMENT 'Числовой код предка',
  "char1" varchar(150) COLLATE utf8_unicode_ci DEFAULT NULL COMMENT 'Символьный признак 1',
  "char2" varchar(150) COLLATE utf8_unicode_ci DEFAULT NULL COMMENT 'Символьный признак 2',
  "koef1" int(11) NOT NULL DEFAULT '0' COMMENT 'Коеффициент 1',
  "koef2" int(11) NOT NULL DEFAULT '0' COMMENT 'Коеффициент 2',
  "sid_a" int(11) NOT NULL COMMENT 'Кто добавил',
  "date_a" datetime NOT NULL COMMENT 'Когда добавил',
  PRIMARY KEY ("spr","kod_c","kod_n")
);

--
-- Дамп данных таблицы `sps`
--

INSERT INTO `sps` (`spr`, `kod_c`, `kod_n`, `date_from`, `date_to`, `naim`, `naim_s`, `kodn_pr`, `char1`, `char2`, `koef1`, `koef2`, `sid_a`, `date_a`) VALUES
('CYCLE', '', 1, NULL, NULL, '1. НОРМАТИВНІ НАВЧАЛЬНІ  ДИСЦИПЛІНИ', '', NULL, NULL, NULL, 0, 0, 0, '2016-12-22 00:33:41'),
('CYCLE', '', 2, NULL, NULL, '1.1 Цикл загально-професійної підготовки', '', 1, NULL, NULL, 0, 0, 0, '2016-12-22 00:33:47'),
('CYCLE', '', 3, NULL, NULL, '1.2. Цикл професійної та практичної підготовки', '', 1, NULL, NULL, 0, 0, 0, '2016-12-22 00:51:21'),
('CYCLE', '', 4, NULL, NULL, '1.3. Цикл…', '', 1, NULL, NULL, 0, 0, 0, '2016-12-22 00:51:26'),
('CYCLE', '', 5, NULL, NULL, '2. ВИБІРКОВІ НАВЧАЛЬНІ ДИСЦИПЛІНИ', '', NULL, NULL, NULL, 0, 0, 0, '2016-12-22 00:51:29'),
('CYCLE', '', 6, NULL, NULL, '2.1. Дисципліни самостійного вибору навчального закладу (24 кредити (ECTS)', '', 5, NULL, NULL, 0, 0, 0, '2016-12-22 00:51:37'),
('CYCLE', '', 7, NULL, NULL, '2.1.1. Дисципліни за вибором навчального закладу циклу фундаментальної, природничо-наукової підготовки', '', 6, NULL, NULL, 0, 0, 0, '2016-12-22 00:51:47'),
('CYCLE', '', 8, NULL, NULL, '2.2. Дисципліни вільного вибору студента', '', NULL, NULL, NULL, 0, 0, 0, '2016-12-22 00:51:51'),
('CYCLE', '', 9, NULL, NULL, '2.2.1. Дисципліни за вибором студентів циклу гуманітарної та соціально-економічної підготовки ***', '', 8, NULL, NULL, 0, 0, 0, '2016-12-22 00:52:05'),
('CYCLE', '', 10, NULL, NULL, '2.2.2. Дисципліни за вибором студентів циклу професійної та практичної підготовки (23,5 кредити)', '', 8, NULL, NULL, 0, 0, 0, '2016-12-22 00:52:09'),
('CYCLE', '', 11, NULL, NULL, 'Блок А', '', 10, NULL, NULL, 0, 0, 0, '2016-12-22 00:52:17'),
('CYCLE', '', 12, NULL, NULL, 'Блок Б', '', 10, NULL, NULL, 0, 0, 0, '2016-12-22 00:52:21'),
('CYCLE', '', 13, NULL, NULL, 'Блок В', '', 10, NULL, NULL, 0, 0, 0, '2016-12-22 00:52:24'),
('CYCLE', '', 14, NULL, NULL, '3. ДИСЦИПЛІНИ ОБРАНІ ВНЗ ЯК ДОДАТКОВІ ОСВІТНІ ПОСЛУГИ (18 кредитів ECTS)', '', NULL, NULL, NULL, 0, 0, 0, '2016-12-22 00:52:26'),
('CYCLE', '', 15, NULL, NULL, 'циклів гуманітарної та соціально-економічної підготовки, природничо-наукової підготовки, професійної та практичної підготовки', '', NULL, NULL, NULL, 0, 0, 0, '2016-12-22 00:52:29'),
('CYCLE', '', 16, NULL, NULL, '1.1 Цикл гуманітарної та соціально-економічної підготовки', '', 1, NULL, NULL, 0, 0, 0, '2016-12-22 00:53:27'),
('CYCLE', '', 17, NULL, NULL, '1.2. Цикл фундаментальної та природничо наукової підготовки', '', 1, NULL, NULL, 0, 0, 0, '2016-12-22 00:53:32'),
('CYCLE', '', 18, NULL, NULL, '1.3. Цикл професійної та практичної підготовки', '', 1, NULL, NULL, 0, 0, 0, '2016-12-22 00:53:39'),
('CYCLE', '', 19, NULL, NULL, '2.1. Дисципліни самостійного вибору навчального закладу (2 кредити ECTS)', '', 5, NULL, NULL, 0, 0, 0, '2016-12-22 00:53:51'),
('CYCLE', '', 20, NULL, NULL, '2.2.1. Дисципліни за вибором студентів циклу гуманітарної та соціально-економічної підготовки (12 кредитів ECTS)', '', 8, NULL, NULL, 0, 0, 0, '2016-12-22 00:53:57'),
('CYCLE', '', 21, NULL, NULL, '2.2.2. Дисципліни за вибором студентів циклу професійної та практичної підготовки (48,5 кредитів ECTS)', '', 8, NULL, NULL, 0, 0, 0, '2016-12-22 00:54:32'),
('CYCLE', '', 22, NULL, NULL, '3. ДИСЦИПЛІНИ ОБРАНІ ВНЗ ЯК ДОДАТКОВІ ОСВІТНІ ПОСЛУГИ', '', NULL, NULL, NULL, 0, 0, 0, '2016-12-22 00:54:44'),
('CYCLE', '', 23, NULL, NULL, '1.2. Цикл фундаментальної та природничо-наукової підготовки', '', 1, NULL, NULL, 0, 0, 0, '2016-12-22 00:58:04'),
('CYCLE', '', 24, NULL, NULL, '2.1. Дисципліни самостійного вибору навчального закладу', '', 5, NULL, NULL, 0, 0, 0, '2016-12-22 00:58:34'),
('CYCLE', '', 25, NULL, NULL, '2.2.2. Дисципліни за вибором студентів циклу професійної та практичної підготовки ****', '', 8, NULL, NULL, 0, 0, 0, '2016-12-22 01:01:30'),
('CYCLE', '', 26, NULL, NULL, 'Блок Г', '', 25, NULL, NULL, 0, 0, 0, '2016-12-22 01:06:48'),
('CYCLE', '', 27, NULL, NULL, 'Блок Д', '', 25, NULL, NULL, 0, 0, 0, '2016-12-22 01:08:15'),
('CYCLE', '', 28, NULL, NULL, '1.1 Цикл гуманітарні та соціально-економічні дисципліни', '', 1, NULL, NULL, 0, 0, 0, '2016-12-22 01:12:41'),
('CYCLE', '', 29, NULL, NULL, '1.2. Цикл природничо-наукової (фундаментальної підготовки)', '', 1, NULL, NULL, 0, 0, 0, '2016-12-22 01:12:49'),
('CYCLE', '', 30, NULL, NULL, '1.3. Цикл загально-професійної та практичної підготовки', '', 1, NULL, NULL, 0, 0, 0, '2016-12-22 01:12:55'),
('CYCLE', '', 31, NULL, NULL, '2.1.1. Дисципліни за вибором навчального закладу циклу фундаментальної, професійної та практичної підготовки', '', 24, NULL, NULL, 0, 0, 0, '2016-12-22 01:13:05'),
('CYCLE', '', 32, NULL, NULL, '1.1. Цикл гуманітарної та соціально-економічної підготовки (не передбачено ОПП)', '', 1, NULL, NULL, 0, 0, 0, '2016-12-22 01:16:31'),
('CYCLE', '', 33, NULL, NULL, '1.2. Цикл фундаментальної та природничо-наукової підготовки (не передбачено ОПП)', '', 1, NULL, NULL, 0, 0, 0, '2016-12-22 01:17:28'),
('CYCLE', '', 34, NULL, NULL, '1.3. Цикл професійної та практичної підготовки (50 кредитів ECTS)', '', 1, NULL, NULL, 0, 0, 0, '2016-12-22 01:17:32'),
('CYCLE', '', 35, NULL, NULL, '2.2.1. Дисципліни за вибором студентів циклу гуманітарної та соціально-економічної підготовки (30 кредитів ECTS) Спеціалізація "Державна служба"', '', 8, NULL, NULL, 0, 0, 0, '2016-12-22 01:18:39'),
('CYCLE', '', 36, NULL, NULL, '2.2.2. Дисципліни за вибором студентів циклу професійної та практичної підготовки (30 кредитів ECTS) Спеціалізація "Державна служба"', '', 8, NULL, NULL, 0, 0, 0, '2016-12-22 01:18:55'),
('DEL', '', 2, NULL, NULL, 'Семестр', 'семестр', NULL, NULL, NULL, 2, 0, 0, '2016-12-14 12:13:41'),
('DEL', '', 3, NULL, NULL, 'Триместр', 'триместр', NULL, NULL, NULL, 3, 0, 0, '2016-12-14 12:13:56'),
('DISC', '', 1, NULL, NULL, 'Технологія менеджменту', '', NULL, 'ГСЕ.01', NULL, 0, 0, 0, '2016-09-26 22:50:38'),
('DISC', '', 2, NULL, NULL, 'Проектування систем автоматизації', '', NULL, 'ПП.01', NULL, 0, 0, 0, '2016-09-26 22:50:38'),
('DISC', '', 3, NULL, NULL, 'Технічні засоби автоматизації', '', NULL, 'ПП.02', NULL, 0, 0, 0, '2016-09-26 22:50:38'),
('DISC', '', 4, NULL, NULL, 'Автоматизація технологічних процесів', '', NULL, 'ПП.03', NULL, 0, 0, 0, '2016-09-26 22:50:38'),
('DISC', '', 5, NULL, NULL, 'Прикладне програмування ', '', NULL, 'ПП.04', NULL, 0, 0, 0, '2016-09-26 22:50:38'),
('DISC', '', 6, NULL, NULL, 'Основи наукових досліджень', '', NULL, 'ПП.05', NULL, 0, 0, 0, '2016-09-26 22:50:38'),
('DISC', '', 7, NULL, NULL, 'Охорона праці в галузі. Цивільний захист', '', NULL, 'ПП.06', NULL, 0, 0, 0, '2016-09-26 22:50:38'),
('DISC', '', 8, NULL, NULL, 'Обчислювальні методи', '', NULL, 'ПП.07', NULL, 0, 0, 0, '2016-09-26 22:50:38'),
('DISC', '', 9, NULL, NULL, 'Математичні методи оптимізації', '', NULL, 'ПП.08', NULL, 0, 0, 0, '2016-09-26 22:50:38'),
('DISC', '', 10, NULL, NULL, 'Курсова робота з Прикладного програмування', '', NULL, 'ПП.09', NULL, 0, 0, 0, '2016-09-26 22:50:38'),
('DISC', '', 11, NULL, NULL, 'Асистентська практика', '', NULL, 'ПП.10', NULL, 0, 0, 0, '2016-09-26 22:50:38'),
('DISC', '', 12, NULL, NULL, 'Переддипломна практика', '', NULL, 'ПП.11', NULL, 0, 0, 0, '2016-09-26 22:50:38'),
('DISC', '', 13, NULL, NULL, 'Робота над магістерською роботою', '', NULL, 'ПП.12', NULL, 0, 0, 0, '2016-09-26 22:50:38'),
('DISC', '', 14, NULL, NULL, 'Програмне забезпечення комп`ютерно-інтегрованих технологій', '', NULL, 'ПП.13', NULL, 0, 0, 0, '2016-09-26 22:50:38'),
('DISC', '', 15, NULL, NULL, 'Автоматизовані системи управління', '', NULL, 'ПП.14', NULL, 0, 0, 0, '2016-09-26 22:50:38'),
('DISC', '', 16, NULL, NULL, 'Елементи і функціональні вузли інформаційно-вимірювальних комплексів', '', NULL, 'ПП.15', NULL, 0, 0, 0, '2016-09-26 22:50:38'),
('DISC', '', 17, NULL, NULL, 'Контрольно-вимірювальні прилади та датчики систем автоматизації', '', NULL, 'ПП.16', NULL, 0, 0, 0, '2016-09-26 22:50:38'),
('DISC', '', 18, NULL, NULL, 'Адаптивні системи керування і контролю', '', NULL, 'ПП.17', NULL, 0, 0, 0, '2016-09-26 22:50:38'),
('DISC', '', 19, NULL, NULL, 'Виконавчі пристрої системи керування', '', NULL, 'ПП.18', NULL, 0, 0, 0, '2016-09-26 22:50:38'),
('DISC', '', 20, NULL, NULL, 'Програмування спеціалізованих мікроконтролерних та вбудованих компютерних систем для засобів автоматизації', '', NULL, 'ПП.19.а', NULL, 0, 0, 0, '2016-09-26 22:50:38'),
('DISC', '', 21, NULL, NULL, 'Патентознавство ', '', NULL, 'ПП.20.а', NULL, 0, 0, 0, '2016-09-26 22:50:38'),
('DISC', '', 22, NULL, NULL, 'САПР у виробничих процесах', '', NULL, 'ПП.21.а', NULL, 0, 0, 0, '2016-09-26 22:50:38'),
('DISC', '', 23, NULL, NULL, 'Дослідження операцій', '', NULL, 'ПП.22.а', NULL, 0, 0, 0, '2016-09-26 22:50:38'),
('DISC', '', 24, NULL, NULL, 'Алгоритмізація і спеціалізовані комп`ютерні системи', '', NULL, 'ПП.23.а', NULL, 0, 0, 0, '2016-09-26 22:50:38'),
('DISC', '', 25, NULL, NULL, 'Курсова робота з Алгоритмізації і спеціалізованих комп`ютерних систем', '', NULL, 'ПП.24.а', NULL, 0, 0, 0, '2016-09-26 22:50:38'),
('DISC', '', 26, NULL, NULL, 'Програмування спеціалізованих мікроконтролерних та вбудованих компютерних систем для засобів автоматизації', '', NULL, 'ПП.19.б', NULL, 0, 0, 0, '2016-09-26 22:50:38'),
('DISC', '', 27, NULL, NULL, 'Інтелектуальна власність', '', NULL, 'ПП.20.б', NULL, 0, 0, 0, '2016-09-26 22:50:38'),
('DISC', '', 28, NULL, NULL, 'САПР у виробничих процесах', '', NULL, 'ПП.21.б', NULL, 0, 0, 0, '2016-09-26 22:50:38'),
('DISC', '', 29, NULL, NULL, 'Автоматичні методи класифікації об`єктів', '', NULL, 'ПП.22.б', NULL, 0, 0, 0, '2016-09-26 22:50:38'),
('DISC', '', 30, NULL, NULL, 'Алгоритмізація і спеціалізовані комп`ютерні системи', '', NULL, 'ПП.23.б', NULL, 0, 0, 0, '2016-09-26 22:50:38'),
('DISC', '', 31, NULL, NULL, 'Курсова робота з Алгоритмізації і спеціалізованих комп`ютерних систем', '', NULL, 'ПП.24.б', NULL, 0, 0, 0, '2016-09-26 22:50:38'),
('DISC', '', 32, NULL, NULL, 'Теорія цифрових автоматів', '', NULL, 'ПП.25', NULL, 0, 0, 0, '2016-09-26 22:50:38'),
('DISC', '', 33, NULL, NULL, 'Електронні перетворювачі фізичних величин', '', NULL, 'ПП.26', NULL, 0, 0, 0, '2016-09-26 22:50:38'),
('DISC', '', 34, NULL, NULL, 'Основи технічної експлуатації', '', NULL, 'ПП.27', NULL, 0, 0, 0, '2016-09-26 22:50:38'),
('DISC', '', 35, NULL, NULL, 'Обчислювальна інженерія потоків', '', NULL, 'ПП.28', NULL, 0, 0, 0, '2016-09-26 22:50:38'),
('DISC', '', 36, NULL, NULL, 'Сучасні програмні продукти для САЕ', '', NULL, 'ПП.29', NULL, 0, 0, 0, '2016-09-26 22:50:38'),
('DISC', '', 37, NULL, NULL, 'Апаратні та програмні засоби автоматизації', '', NULL, 'ПП.30', NULL, 0, 0, 0, '2016-09-26 22:50:38'),
('DISC', '', 38, NULL, NULL, 'Українська мова', '', NULL, 'ГСЕ.01', NULL, 0, 0, 0, '2016-09-26 23:12:43'),
('DISC', '', 39, NULL, NULL, 'Історія України', '', NULL, 'ГСЕ.02', NULL, 0, 0, 0, '2016-09-26 23:12:43'),
('DISC', '', 40, NULL, NULL, 'Іноземна мова (англійська мова)', '', NULL, 'ГСЕ.03', NULL, 0, 0, 0, '2016-09-26 23:12:43'),
('DISC', '', 41, NULL, NULL, 'Історія української культури', '', NULL, 'ГСЕ.04', NULL, 0, 0, 0, '2016-09-26 23:12:43'),
('DISC', '', 42, NULL, NULL, 'Філософія', '', NULL, 'ГСЕ.05', NULL, 0, 0, 0, '2016-09-26 23:12:43'),
('DISC', '', 43, NULL, NULL, 'Вища математика та чисельні методи', '', NULL, 'ФПН.01', NULL, 0, 0, 0, '2016-09-26 23:12:43'),
('DISC', '', 44, NULL, NULL, 'Хімія', '', NULL, 'ФПН.02', NULL, 0, 0, 0, '2016-09-26 23:12:43'),
('DISC', '', 45, NULL, NULL, 'Основи екології', '', NULL, 'ФПН.03', NULL, 0, 0, 0, '2016-09-26 23:12:43'),
('DISC', '', 46, NULL, NULL, 'Інженерна та комп`ютерна графіка', '', NULL, 'ФПН.04', NULL, 0, 0, 0, '2016-09-26 23:12:43'),
('DISC', '', 47, NULL, NULL, 'Фізика', '', NULL, 'ФПН.05', NULL, 0, 0, 0, '2016-09-26 23:12:43'),
('DISC', '', 48, NULL, NULL, 'Комп`ютерні технології та програмування', '', NULL, 'ФПН.06', NULL, 0, 0, 0, '2016-09-26 23:12:43'),
('DISC', '', 49, NULL, NULL, 'Вступ до фаху', '', NULL, 'ПП.01', NULL, 0, 0, 0, '2016-09-26 23:12:43'),
('DISC', '', 50, NULL, NULL, 'Електротехніка', '', NULL, 'ПП.02', NULL, 0, 0, 0, '2016-09-26 23:12:43'),
('DISC', '', 51, NULL, NULL, 'БЖД (БЖД та основи охорони праці)', '', NULL, 'ПП.03', NULL, 0, 0, 0, '2016-09-26 23:12:43'),
('DISC', '', 52, NULL, NULL, 'Метрологія, технологічні вимірювання та прилади, взаємозамінність', '', NULL, 'ПП.04', NULL, 0, 0, 0, '2016-09-26 23:12:43'),
('DISC', '', 53, NULL, NULL, 'Електроніка та мікропроцесорна техніка', '', NULL, 'ПП.05', NULL, 0, 0, 0, '2016-09-26 23:12:43'),
('DISC', '', 54, NULL, NULL, 'Теорія автоматичного керування', '', NULL, 'ПП.06', NULL, 0, 0, 0, '2016-09-26 23:12:43'),
('DISC', '', 55, NULL, NULL, 'Автоматизація технологічних процесів і виробництв', '', NULL, 'ПП.07', NULL, 0, 0, 0, '2016-09-26 23:12:43'),
('DISC', '', 56, NULL, NULL, 'Ознайомча практика з технологій виробництва', '', NULL, 'ПП.08', NULL, 0, 0, 0, '2016-09-26 23:12:43'),
('DISC', '', 57, NULL, NULL, 'Навчальна практика з автоматизованих технологій', '', NULL, 'ПП.09', NULL, 0, 0, 0, '2016-09-26 23:12:43'),
('DISC', '', 58, NULL, NULL, 'Навчальна практика з комп`ютерно-інтегрованих технологій', '', NULL, 'ПП.10', NULL, 0, 0, 0, '2016-09-26 23:12:43'),
('DISC', '', 59, NULL, NULL, 'Переддипломна практика', '', NULL, 'ПП.11', NULL, 0, 0, 0, '2016-09-26 23:12:43'),
('DISC', '', 60, NULL, NULL, 'Комплексний КП з дисциплін Типові технологічні об`єкти і процеси виробництва та Електроніка та мікропроцесорна техніка ', '', NULL, 'ПП.12', NULL, 0, 0, 0, '2016-09-26 23:12:43'),
('DISC', '', 61, NULL, NULL, 'Комплексний КП з дисциплін Теорія автоматичного керування та Проектування систем автоматики', '', NULL, 'ПП.13', NULL, 0, 0, 0, '2016-09-26 23:12:43'),
('DISC', '', 62, NULL, NULL, 'Кваліфікаційна робота бакалавра', '', NULL, 'ПП.14', NULL, 0, 0, 0, '2016-09-26 23:12:43'),
('DISC', '', 63, NULL, NULL, 'Теоретична механіка', '', NULL, 'ПП.15', NULL, 0, 0, 0, '2016-09-26 23:12:43'),
('DISC', '', 64, NULL, NULL, 'Основи матеріалознавста', '', NULL, 'ПП.16', NULL, 0, 0, 0, '2016-09-26 23:12:43'),
('DISC', '', 65, NULL, NULL, 'Комп`ютерно-інтегровані технології', '', NULL, 'ПП.17', NULL, 0, 0, 0, '2016-09-26 23:12:43'),
('DISC', '', 66, NULL, NULL, 'Прикладна механіка та основи конструювання', '', NULL, 'ПП.18', NULL, 0, 0, 0, '2016-09-26 23:12:43'),
('DISC', '', 67, NULL, NULL, 'Основи термодинаміки, теплотехніки та гідрогазодинаміки ', '', NULL, 'ПП.19', NULL, 0, 0, 0, '2016-09-26 23:12:43'),
('DISC', '', 68, NULL, NULL, 'Типові технологічні об`єкти і процеси виробництва', '', NULL, 'ПП.20', NULL, 0, 0, 0, '2016-09-26 23:12:43'),
('DISC', '', 69, NULL, NULL, 'Програмне забезпечення комп`ютерно-інтегрованих технологій', '', NULL, 'ПП.21', NULL, 0, 0, 0, '2016-09-26 23:12:43'),
('DISC', '', 70, NULL, NULL, 'Автоматизовані системи управління', '', NULL, 'ПП.22', NULL, 0, 0, 0, '2016-09-26 23:12:43'),
('DISC', '', 71, NULL, NULL, 'Моделювання і оптимізація систем керування', '', NULL, 'ПП.23', NULL, 0, 0, 0, '2016-09-26 23:12:43'),
('DISC', '', 72, NULL, NULL, 'Основи менеджменту, маркетингу і підприемниства', '', NULL, 'ПП.24', NULL, 0, 0, 0, '2016-09-26 23:12:43'),
('DISC', '', 73, NULL, NULL, 'Виконавчі пристрої систем керування', '', NULL, 'ПП.25', NULL, 0, 0, 0, '2016-09-26 23:12:43'),
('DISC', '', 74, NULL, NULL, 'Логіка', '', NULL, 'ГСЕ.06', NULL, 0, 0, 0, '2016-09-26 23:12:43'),
('DISC', '', 75, NULL, NULL, 'Політологія', '', NULL, 'ГСЕ.07', NULL, 0, 0, 0, '2016-09-26 23:12:43'),
('DISC', '', 76, NULL, NULL, 'Правознавство', '', NULL, 'ГСЕ.08', NULL, 0, 0, 0, '2016-09-26 23:12:43'),
('DISC', '', 77, NULL, NULL, 'Соціологія', '', NULL, 'ГСЕ.09', NULL, 0, 0, 0, '2016-09-26 23:12:43'),
('DISC', '', 78, NULL, NULL, 'Етика і естетика', '', NULL, 'ГСЕ.10', NULL, 0, 0, 0, '2016-09-26 23:12:43'),
('DISC', '', 79, NULL, NULL, 'Релігієзнавство', '', NULL, 'ГСЕ.11', NULL, 0, 0, 0, '2016-09-26 23:12:43'),
('DISC', '', 80, NULL, NULL, 'Психологія', '', NULL, 'ГСЕ.12', NULL, 0, 0, 0, '2016-09-26 23:12:43'),
('DISC', '', 81, NULL, NULL, 'Основи економічної теорії', '', NULL, 'ГСЕ.13', NULL, 0, 0, 0, '2016-09-26 23:12:43'),
('DISC', '', 82, NULL, NULL, 'Технічні засоби автоматизації', '', NULL, 'ПП.26.а', NULL, 0, 0, 0, '2016-09-26 23:12:43'),
('DISC', '', 83, NULL, NULL, 'Математичне моделювання', '', NULL, 'ПП.27.а', NULL, 0, 0, 0, '2016-09-26 23:12:43'),
('DISC', '', 84, NULL, NULL, 'Адаптивні системи керування і контролю', '', NULL, 'ПП.28.а', NULL, 0, 0, 0, '2016-09-26 23:12:43'),
('DISC', '', 85, NULL, NULL, 'Проектування систем автоматики ', '', NULL, 'ПП.29.а', NULL, 0, 0, 0, '2016-09-26 23:12:43'),
('DISC', '', 86, NULL, NULL, 'САПР у виробничих процесах', '', NULL, 'ПП.30.а', NULL, 0, 0, 0, '2016-09-26 23:12:43'),
('DISC', '', 87, NULL, NULL, 'Монтаж,обслуговування і ремонт систем автоматизації та керування', '', NULL, 'ПП.31.а', NULL, 0, 0, 0, '2016-09-26 23:12:43'),
('DISC', '', 88, NULL, NULL, 'Автоматизація транспортних засобів', '', NULL, 'ПП.32.а', NULL, 0, 0, 0, '2016-09-26 23:12:43'),
('DISC', '', 89, NULL, NULL, 'Автоматизація холодильного та кондицінуючого обладнення', '', NULL, 'ПП.33.а', NULL, 0, 0, 0, '2016-09-26 23:12:43'),
('DISC', '', 90, NULL, NULL, 'Автоматизація переробних технологій в АПК', '', NULL, 'ПП.34.а', NULL, 0, 0, 0, '2016-09-26 23:12:43'),
('DISC', '', 91, NULL, NULL, 'Ідентифікація та моделювання технологічних об`єктів ', '', NULL, 'ПП.35.а', NULL, 0, 0, 0, '2016-09-26 23:12:43'),
('DISC', '', 92, NULL, NULL, 'Обладнення автоматизованих систем виробництва', '', NULL, 'ПП.26.б', NULL, 0, 0, 0, '2016-09-26 23:12:43'),
('DISC', '', 93, NULL, NULL, 'Математичне моделювання', '', NULL, 'ПП.27.б', NULL, 0, 0, 0, '2016-09-26 23:12:43'),
('DISC', '', 94, NULL, NULL, 'Системи управління базами даних', '', NULL, 'ПП.28.б', NULL, 0, 0, 0, '2016-09-26 23:12:43'),
('DISC', '', 95, NULL, NULL, 'Проектування систем автоматики ', '', NULL, 'ПП.29.б', NULL, 0, 0, 0, '2016-09-26 23:12:43'),
('DISC', '', 96, NULL, NULL, 'Теорія передачі,кодування та захисту інформації', '', NULL, 'ПП.30.б', NULL, 0, 0, 0, '2016-09-26 23:12:43'),
('DISC', '', 97, NULL, NULL, 'Принципи інженерного і імітаційного моделювання', '', NULL, 'ПП.31.б', NULL, 0, 0, 0, '2016-09-26 23:12:43'),
('DISC', '', 98, NULL, NULL, 'Комп`ютерні методи обробки сигналів ', '', NULL, 'ПП.32.б', NULL, 0, 0, 0, '2016-09-26 23:12:43'),
('DISC', '', 99, NULL, NULL, 'Моделювання та контроль динамічних систем', '', NULL, 'ПП.33.б', NULL, 0, 0, 0, '2016-09-26 23:12:43'),
('DISC', '', 100, NULL, NULL, 'Інженерний аналіз', '', NULL, 'ПП.34.б', NULL, 0, 0, 0, '2016-09-26 23:12:43'),
('DISC', '', 101, NULL, NULL, 'Автоматизовані системи технологічної підготовки виробництва', '', NULL, 'ПП.35.б', NULL, 0, 0, 0, '2016-09-26 23:12:43'),
('DISC', '', 102, NULL, NULL, 'Англійська мова (за професійним спрямуванням) ', '', NULL, 'ГСЕ.14', NULL, 0, 0, 0, '2016-09-26 23:12:43'),
('DISC', '', 103, NULL, NULL, 'Іноземна мова- 2', '', NULL, 'ГСЕ.15', NULL, 0, 0, 0, '2016-09-26 23:12:43'),
('DISC', '', 104, NULL, NULL, 'Прикладне програмування мікропроцесорів та мікроконтролерів', '', NULL, 'ПП.36', NULL, 0, 0, 0, '2016-09-26 23:12:43'),
('DISC', '', 105, NULL, NULL, 'Прикладна теорія ймовірностей і мат.стат.', '', NULL, 'ПП.37', NULL, 0, 0, 0, '2016-09-26 23:12:43'),
('DISC', '', 106, NULL, NULL, 'Українська мова (за професійним спрямуванням)', '', NULL, NULL, NULL, 0, 0, 0, '2016-12-19 21:05:03'),
('DISC', '', 107, NULL, NULL, 'Основи наукових досліджень та вступ до мовознавства', '', NULL, NULL, NULL, 0, 0, 0, '2016-12-19 21:06:10'),
('DISC', '', 108, NULL, NULL, 'Вступ до літературознавства', '', NULL, NULL, NULL, 0, 0, 0, '2016-12-19 21:06:16'),
('DISC', '', 109, NULL, NULL, 'Латинська мова', '', NULL, NULL, NULL, 0, 0, 0, '2016-12-19 21:06:18'),
('DISC', '', 110, NULL, NULL, 'Історія української літератури', '', NULL, NULL, NULL, 0, 0, 0, '2016-12-19 21:06:20'),
('DISC', '', 111, NULL, NULL, 'Історія зарубіжної літератури', '', NULL, NULL, NULL, 0, 0, 0, '2016-12-19 21:06:33'),
('DISC', '', 112, NULL, NULL, 'Література країни, мова якої вивчається', '', NULL, NULL, NULL, 0, 0, 0, '2016-12-19 21:06:40'),
('DISC', '', 113, NULL, NULL, 'Історія першої мови', '', NULL, NULL, NULL, 0, 0, 0, '2016-12-19 21:07:06'),
('DISC', '', 114, NULL, NULL, 'Основна іноземна мова та курсова робота з фаху (в 7 триместрі)', '', NULL, NULL, NULL, 0, 0, 0, '2016-12-19 21:07:20'),
('DISC', '', 115, NULL, NULL, 'Друга іноземна мова', '', NULL, NULL, NULL, 0, 0, 0, '2016-12-19 21:07:38'),
('DISC', '', 116, NULL, NULL, 'Вступ до перекладу та лінгвокраїнознавство мови 1 та курсова робота з фаху (в 6 триместрі)', '', NULL, NULL, NULL, 0, 0, 0, '2016-12-19 21:07:44'),
('DISC', '', 117, NULL, NULL, 'Вступ до перекладу та лінгвокраїнознавство мови 2', '', NULL, NULL, NULL, 0, 0, 0, '2016-12-19 21:07:53'),
('DISC', '', 118, NULL, NULL, 'Практичний курс письмового та усного перекладу', '', NULL, NULL, NULL, 0, 0, 0, '2016-12-19 21:08:00'),
('DISC', '', 119, NULL, NULL, 'Інформаційні технології у перекладацькій діяльності', '', NULL, NULL, NULL, 0, 0, 0, '2016-12-19 21:08:06'),
('DISC', '', 120, NULL, NULL, 'Основи інформатики', '', NULL, NULL, NULL, 0, 0, 0, '2016-12-19 21:08:11'),
('DISC', '', 121, NULL, NULL, 'Безпека життєдіяльності (безпека життєдіяльності, основи охорони праці) **', '', NULL, NULL, NULL, 0, 0, 0, '2016-12-19 21:08:21'),
('DISC', '', 122, NULL, NULL, 'Ознайомча практика', '', NULL, NULL, NULL, 0, 0, 0, '2016-12-19 21:08:25'),
('DISC', '', 123, NULL, NULL, 'Виробнича практика', '', NULL, NULL, NULL, 0, 0, 0, '2016-12-19 21:08:26'),
('DISC', '', 124, NULL, NULL, 'Дипломна робота бакалавра', '', NULL, NULL, NULL, 0, 0, 0, '2016-12-19 21:08:29'),
('DISC', '', 125, NULL, NULL, 'Фізичне виховання', '', NULL, NULL, NULL, 0, 0, 0, '2016-12-19 21:09:12'),
('DISC', '', 126, NULL, NULL, 'Етика, естетика', '', NULL, NULL, NULL, 0, 0, 0, '2016-12-19 21:10:05'),
('DISC', '', 127, NULL, NULL, 'Педагогіка', '', NULL, NULL, NULL, 0, 0, 0, '2016-12-19 21:10:07'),
('DISC', '', 128, NULL, NULL, 'Сучасна українська література', '', NULL, NULL, NULL, 0, 0, 0, '2016-12-19 21:10:55'),
('DISC', '', 129, NULL, NULL, 'Теоретична та порівняльна фонетика першої та української мов', '', NULL, NULL, NULL, 0, 0, 0, '2016-12-19 21:11:02'),
('DISC', '', 130, NULL, NULL, 'Теоретична та порівняльна лексикологія першої та української мов', '', NULL, NULL, NULL, 0, 0, 0, '2016-12-19 21:11:10'),
('DISC', '', 131, NULL, NULL, 'Теоретична та порівняльна граматика першої та української мов', '', NULL, NULL, NULL, 0, 0, 0, '2016-12-19 21:11:16'),
('DISC', '', 132, NULL, NULL, 'Теоретична та порівняльна стилістика першої та української мов', '', NULL, NULL, NULL, 0, 0, 0, '2016-12-19 21:11:18'),
('DISC', '', 133, NULL, NULL, 'Переклад функціональних стилів другої мови', '', NULL, NULL, NULL, 0, 0, 0, '2016-12-19 21:11:25'),
('DISC', '', 134, NULL, NULL, 'Практичний курс перекладу другої мови', '', NULL, NULL, NULL, 0, 0, 0, '2016-12-19 21:11:31'),
('DISC', '', 135, NULL, NULL, 'Переклад функціональних стилів першої мови та курсова робота з фаху (в 9 триместрі)', '', NULL, NULL, NULL, 0, 0, 0, '2016-12-19 21:11:38'),
('DISC', '', 136, NULL, NULL, 'Україна у світовому мистецтві', '', NULL, NULL, NULL, 0, 0, 0, '2016-12-19 21:11:43'),
('DISC', '', 137, NULL, NULL, 'Актуальні проблеми сучасної фонетики першої та української мови', '', NULL, NULL, NULL, 0, 0, 0, '2016-12-19 21:11:50'),
('DISC', '', 138, NULL, NULL, 'Дискусійне у лексикології першої та української мови', '', NULL, NULL, NULL, 0, 0, 0, '2016-12-19 21:12:01'),
('DISC', '', 139, NULL, NULL, 'Фундаментальне національно забарвлене у граматиці першої та української мови', '', NULL, NULL, NULL, 0, 0, 0, '2016-12-19 21:12:12'),
('DISC', '', 140, NULL, NULL, 'Головні категорії стилістики першої та української мови', '', NULL, NULL, NULL, 0, 0, 0, '2016-12-19 21:12:20'),
('DISC', '', 141, NULL, NULL, 'Фаховий переклад другої мови', '', NULL, NULL, NULL, 0, 0, 0, '2016-12-19 21:12:25'),
('DISC', '', 142, NULL, NULL, 'Переклад та граматика другої мови', '', NULL, NULL, NULL, 0, 0, 0, '2016-12-19 21:12:28'),
('DISC', '', 143, NULL, NULL, 'Фаховий переклад першої мови та курсова робота з фаху (в 9 триместрі)', '', NULL, NULL, NULL, 0, 0, 0, '2016-12-19 21:12:33'),
('DISC', '', 144, NULL, NULL, 'Третя мова', '', NULL, NULL, NULL, 0, 0, 0, '2016-12-19 23:46:17'),
('DISC', '', 145, NULL, NULL, 'Дискусійні проблеми перекладу', '', NULL, NULL, NULL, 0, 0, 0, '2016-12-19 23:46:22'),
('DISC', '', 146, NULL, NULL, 'Основна іноземна мова (додатково)', '', NULL, NULL, NULL, 0, 0, 0, '2016-12-19 23:46:27'),
('DISC', '', 147, NULL, NULL, 'Друга іноземна мова (додатково)', '', NULL, NULL, NULL, 0, 0, 0, '2016-12-19 23:46:29'),
('DISC', '', 148, NULL, NULL, 'Редагування перекладу', '', NULL, NULL, NULL, 0, 0, 0, '2016-12-19 23:46:31'),
('DISC', '', 149, NULL, NULL, 'Історія перекладу', '', NULL, NULL, NULL, 0, 0, 0, '2016-12-20 12:24:48'),
('DISC', '', 150, NULL, NULL, 'Основна іноземна мова', '', NULL, NULL, NULL, 0, 0, 0, '2016-12-20 12:25:38'),
('DISC', '', 151, NULL, NULL, 'Курсова робота з Основної іноземної мови', '', NULL, NULL, NULL, 0, 0, 0, '2016-12-20 12:25:56'),
('DISC', '', 152, NULL, NULL, 'Вступ до перекладу та лінгвокраїнознавство мови 1', '', NULL, NULL, NULL, 0, 0, 0, '2016-12-20 12:25:59'),
('DISC', '', 153, NULL, NULL, 'Курсова робота зі Вступу до перекладу та ЛКЗ мови 1', '', NULL, NULL, NULL, 0, 0, 0, '2016-12-20 12:26:01'),
('DISC', '', 154, NULL, NULL, 'Практичний курс письмового та усного перекладу першої мови', '', NULL, NULL, NULL, 0, 0, 0, '2016-12-20 12:26:03'),
('DISC', '', 155, NULL, NULL, 'Безпека життєдіяльності (безпека життєдіяльності, основи охорони праці)', '', NULL, NULL, NULL, 0, 0, 0, '2016-12-20 12:26:05'),
('DISC', '', 156, NULL, NULL, 'Українська мова (за проф. спрямуванням)', '', NULL, NULL, NULL, 0, 0, 0, '2016-12-20 12:30:04'),
('DISC', '', 157, NULL, NULL, 'Основи охорони праці', '', NULL, NULL, NULL, 0, 0, 0, '2016-12-20 12:30:21'),
('DISC', '', 158, NULL, NULL, 'Безпека життєдіяльності', '', NULL, NULL, NULL, 0, 0, 0, '2016-12-20 12:30:36'),
('DISC', '', 159, NULL, NULL, 'Теоретична та порівняльна фонетика першої та української мови', '', NULL, NULL, NULL, 0, 0, 0, '2016-12-20 12:30:51'),
('DISC', '', 160, NULL, NULL, 'Теоретична та порівняльна лексикологія першої та української мови', '', NULL, NULL, NULL, 0, 0, 0, '2016-12-20 12:30:53'),
('DISC', '', 161, NULL, NULL, 'Теоретична та порівняльна граматика першої та української мови', '', NULL, NULL, NULL, 0, 0, 0, '2016-12-20 12:30:55'),
('DISC', '', 162, NULL, NULL, 'Теоретична та порівняльна стилістика першої та української мови', '', NULL, NULL, NULL, 0, 0, 0, '2016-12-20 12:30:56'),
('DISC', '', 163, NULL, NULL, 'Переклад функціональних стилів першої мови', '', NULL, NULL, NULL, 0, 0, 0, '2016-12-20 12:30:58'),
('DISC', '', 164, NULL, NULL, 'Курсова робота з Перекладу функціональних стилів першої мови', '', NULL, NULL, NULL, 0, 0, 0, '2016-12-20 12:31:04'),
('DISC', '', 165, NULL, NULL, 'Основи риторики', '', NULL, NULL, NULL, 0, 0, 0, '2016-12-20 12:33:50'),
('DISC', '', 166, NULL, NULL, 'Психологія і основи педагогіки', '', NULL, NULL, NULL, 0, 0, 0, '2016-12-20 12:33:52'),
('DISC', '', 167, NULL, NULL, 'Міжнародні системи та глобальний розвиток', '', NULL, NULL, NULL, 0, 0, 0, '2016-12-20 12:54:06'),
('DISC', '', 168, NULL, NULL, 'Актуальні проблеми ЗП України', '', NULL, NULL, NULL, 0, 0, 0, '2016-12-20 12:54:08'),
('DISC', '', 169, NULL, NULL, 'Теорет. семінар (методологія досліджень з МВ)', '', NULL, NULL, NULL, 0, 0, 0, '2016-12-20 12:54:10'),
('DISC', '', 170, NULL, NULL, 'Міжнародна та європейська безпека', '', NULL, NULL, NULL, 0, 0, 0, '2016-12-20 12:54:14'),
('DISC', '', 171, NULL, NULL, 'Аналіз та прогнозування зовнішньої політики', '', NULL, NULL, NULL, 0, 0, 0, '2016-12-20 12:54:15'),
('DISC', '', 172, NULL, NULL, 'Науковий семінар (теорія міжнародних відносин у наукових дослідженнях)', '', NULL, NULL, NULL, 0, 0, 0, '2016-12-20 12:54:17'),
('DISC', '', 173, NULL, NULL, 'Міжнародне морське право', '', NULL, NULL, NULL, 0, 0, 0, '2016-12-20 12:54:17'),
('DISC', '', 174, NULL, NULL, 'Іноземна мова: Англійська мова - 1', '', NULL, NULL, NULL, 0, 0, 0, '2016-12-20 12:57:53'),
('DISC', '', 175, NULL, NULL, 'Політична історія світу', '', NULL, NULL, NULL, 0, 0, 0, '2016-12-20 12:57:54'),
('DISC', '', 176, NULL, NULL, 'Політична філософія', '', NULL, NULL, NULL, 0, 0, 0, '2016-12-20 12:57:55'),
('DISC', '', 177, NULL, NULL, 'Загальна теорія політики', '', NULL, NULL, NULL, 0, 0, 0, '2016-12-20 12:57:55'),
('DISC', '', 178, NULL, NULL, 'Історія зарубіжних політичних вчень', '', NULL, NULL, NULL, 0, 0, 0, '2016-12-20 12:57:56'),
('DISC', '', 179, NULL, NULL, 'Курсова робота (Політична історія світу)', '', NULL, NULL, NULL, 0, 0, 0, '2016-12-20 12:57:57'),
('DISC', '', 180, NULL, NULL, 'Курсова робота (Історія зарубіжних політичних вчень)', '', NULL, NULL, NULL, 0, 0, 0, '2016-12-20 12:58:01'),
('DISC', '', 181, NULL, NULL, 'Вступ до політології', '', NULL, NULL, NULL, 0, 0, 0, '2016-12-20 12:58:04'),
('DISC', '', 182, NULL, NULL, 'Кратологія', '', NULL, NULL, NULL, 0, 0, 0, '2016-12-20 12:58:07'),
('DISC', '', 183, NULL, NULL, 'Історія політичної думки України', '', NULL, NULL, NULL, 0, 0, 0, '2016-12-20 12:58:21'),
('DISC', '', 184, NULL, NULL, 'Партологія', '', NULL, NULL, NULL, 0, 0, 0, '2016-12-20 12:58:26'),
('DISC', '', 185, NULL, NULL, 'Історія і теорія світової політики', '', NULL, NULL, NULL, 0, 0, 0, '2016-12-20 12:58:26'),
('DISC', '', 186, NULL, NULL, 'Політична соціологія', '', NULL, NULL, NULL, 0, 0, 0, '2016-12-20 12:58:27'),
('DISC', '', 187, NULL, NULL, 'Політика і економіка', '', NULL, NULL, NULL, 0, 0, 0, '2016-12-20 12:58:28'),
('DISC', '', 188, NULL, NULL, 'Геополітика', '', NULL, NULL, NULL, 0, 0, 0, '2016-12-20 12:58:28'),
('DISC', '', 189, NULL, NULL, 'Технології політичних процесів', '', NULL, NULL, NULL, 0, 0, 0, '2016-12-20 12:58:29'),
('DISC', '', 190, NULL, NULL, 'Курсова робота (Технології політичних процесів)', '', NULL, NULL, NULL, 0, 0, 0, '2016-12-20 12:58:33'),
('DISC', '', 191, NULL, NULL, 'Навчальна практика 1', '', NULL, NULL, NULL, 0, 0, 0, '2016-12-20 12:58:34'),
('DISC', '', 192, NULL, NULL, 'Навчальна практика 2', '', NULL, NULL, NULL, 0, 0, 0, '2016-12-20 12:58:35'),
('DISC', '', 193, NULL, NULL, 'Дипломна робота', '', NULL, NULL, NULL, 0, 0, 0, '2016-12-20 12:58:36'),
('DISC', '', 194, NULL, NULL, 'Політична культура', '', NULL, NULL, NULL, 0, 0, 0, '2016-12-20 12:58:38'),
('DISC', '', 195, NULL, NULL, 'Іноземна мова: Англійська мова', '', NULL, NULL, NULL, 0, 0, 0, '2016-12-20 13:00:50'),
('DISC', '', 196, NULL, NULL, 'Сучасна порівняльна політологія', '', NULL, NULL, NULL, 0, 0, 0, '2016-12-20 13:01:02'),
('DISC', '', 197, NULL, NULL, 'Технології політичних досліджень', '', NULL, NULL, NULL, 0, 0, 0, '2016-12-20 13:01:03'),
('DISC', '', 198, NULL, NULL, 'Політичні режими та системи сучасності', '', NULL, NULL, NULL, 0, 0, 0, '2016-12-20 13:01:04'),
('DISC', '', 199, NULL, NULL, 'Політична антропологія та етнополітика', '', NULL, NULL, NULL, 0, 0, 0, '2016-12-20 13:01:05'),
('DISC', '', 200, NULL, NULL, 'Виборчі системи держав світу', '', NULL, NULL, NULL, 0, 0, 0, '2016-12-20 13:01:06'),
('DISC', '', 201, NULL, NULL, 'Політика і права людини', '', NULL, NULL, NULL, 0, 0, 0, '2016-12-20 13:01:07'),
('DISC', '', 202, NULL, NULL, 'Політика і релігія', '', NULL, NULL, NULL, 0, 0, 0, '2016-12-20 13:01:08'),
('DISC', '', 203, NULL, NULL, 'Документування і діловодство (за професійним спрямуванням)', '', NULL, NULL, NULL, 0, 0, 0, '2016-12-20 13:01:10'),
('DISC', '', 204, NULL, NULL, 'Риторика', '', NULL, NULL, NULL, 0, 0, 0, '2016-12-20 13:01:12'),
('DISC', '', 205, NULL, NULL, 'Основи журналістики', '', NULL, NULL, NULL, 0, 0, 0, '2016-12-20 13:01:18'),
('DISC', '', 206, NULL, NULL, 'Менеджмент і маркетинг', '', NULL, NULL, NULL, 0, 0, 0, '2016-12-20 13:02:49'),
('DISC', '', 207, NULL, NULL, 'Країнознавство', '', NULL, NULL, NULL, 0, 0, 0, '2016-12-20 13:02:50'),
('DISC', '', 208, NULL, NULL, 'Сучасні проблеми війни та миру', '', NULL, NULL, NULL, 0, 0, 0, '2016-12-20 13:03:00'),
('DISC', '', 209, NULL, NULL, 'Політичне прогнозування і політичний аналіз', '', NULL, NULL, NULL, 0, 0, 0, '2016-12-20 13:03:02'),
('DISC', '', 210, NULL, NULL, 'Політична конфліктологія', '', NULL, NULL, NULL, 0, 0, 0, '2016-12-20 13:03:03'),
('DISC', '', 211, NULL, NULL, 'Управління політичними проектами', '', NULL, NULL, NULL, 0, 0, 0, '2016-12-20 13:03:04'),
('DISC', '', 212, NULL, NULL, 'Державне управління і місцеве самоврядування в Україні', '', NULL, NULL, NULL, 0, 0, 0, '2016-12-20 13:03:05'),
('DISC', '', 213, NULL, NULL, 'Політико-організаційні основи функціонування місцевого самоврядування', '', NULL, NULL, NULL, 0, 0, 0, '2016-12-20 13:03:06'),
('DISC', '', 214, NULL, NULL, 'Політична географія', '', NULL, NULL, NULL, 0, 0, 0, '2016-12-20 13:03:07'),
('DISC', '', 215, NULL, NULL, 'Політичні інститути та процеси в Україні', '', NULL, NULL, NULL, 0, 0, 0, '2016-12-20 13:03:08'),
('DISC', '', 216, NULL, NULL, 'Політичні й економічні процеси в Україні та світі', '', NULL, NULL, NULL, 0, 0, 0, '2016-12-20 13:03:09'),
('DISC', '', 217, NULL, NULL, 'Теорія і практика соціальної держави', '', NULL, NULL, NULL, 0, 0, 0, '2016-12-20 13:03:09'),
('DISC', '', 218, NULL, NULL, 'Глобальна і регіональна системи безпеки', '', NULL, NULL, NULL, 0, 0, 0, '2016-12-20 13:03:10'),
('DISC', '', 219, NULL, NULL, 'Історія і теорія політичних партій', '', NULL, NULL, NULL, 0, 0, 0, '2016-12-20 13:03:11'),
('DISC', '', 220, NULL, NULL, 'Соціальна та гуманітарна політика', '', NULL, NULL, NULL, 0, 0, 0, '2016-12-20 13:03:12'),
('DISC', '', 221, NULL, NULL, 'Політичне проектування', '', NULL, NULL, NULL, 0, 0, 0, '2016-12-20 13:03:13'),
('DISC', '', 222, NULL, NULL, 'Політика і література', '', NULL, NULL, NULL, 0, 0, 0, '2016-12-20 13:03:13'),
('DISC', '', 223, NULL, NULL, 'Публічна політика', '', NULL, NULL, NULL, 0, 0, 0, '2016-12-20 13:03:14'),
('DISC', '', 224, NULL, NULL, 'Політичний брендинг', '', NULL, NULL, NULL, 0, 0, 0, '2016-12-20 13:03:15'),
('DISC', '', 225, NULL, NULL, 'Європейські студії', '', NULL, NULL, NULL, 0, 0, 0, '2016-12-20 13:03:16'),
('DISC', '', 226, NULL, NULL, 'Гендерні аспекти в політиці', '', NULL, NULL, NULL, 0, 0, 0, '2016-12-20 13:03:17'),
('DISC', '', 227, NULL, NULL, 'Основи громадянського суспільства', '', NULL, NULL, NULL, 0, 0, 0, '2016-12-20 13:03:18'),
('DISC', '', 228, NULL, NULL, 'Іноземна мова: Англійська мова (додатково)', '', NULL, NULL, NULL, 0, 0, 0, '2016-12-20 13:03:18'),
('DISC', '', 229, NULL, NULL, 'Іноземна мова - 2', '', NULL, NULL, NULL, 0, 0, 0, '2016-12-20 13:03:19'),
('DISC', '', 230, NULL, NULL, 'Теорія перекладу першої мови', '', NULL, NULL, NULL, 0, 0, 0, '2016-12-21 21:25:03'),
('DISC', '', 231, NULL, NULL, 'Сучасні інформаційні технології', '', NULL, NULL, NULL, 0, 0, 0, '2016-12-21 21:25:08'),
('DISC', '', 232, NULL, NULL, 'Філологічний аналіз оригіналу і концептуальний переклад', '', NULL, NULL, NULL, 0, 0, 0, '2016-12-21 21:25:21'),
('DISC', '', 233, NULL, NULL, 'Охорона праці в галузі та Цивільний захист', '', NULL, NULL, NULL, 0, 0, 0, '2016-12-21 21:25:30'),
('DISC', '', 234, NULL, NULL, 'Теорія перекладу другої мови', '', NULL, NULL, NULL, 0, 0, 0, '2016-12-21 21:25:34'),
('DISC', '', 235, NULL, NULL, 'Практика перекладу першої мови', '', NULL, NULL, NULL, 0, 0, 0, '2016-12-21 21:25:47'),
('DISC', '', 236, NULL, NULL, 'Підготовка магістерської роботи', '', NULL, NULL, NULL, 0, 0, 0, '2016-12-21 21:25:51'),
('DISC', '', 237, NULL, NULL, 'Методика викладання перекладу та педагогіка вищої школи', '', NULL, NULL, NULL, 0, 0, 0, '2016-12-21 21:26:27'),
('DISC', '', 238, NULL, NULL, 'Практика перекладу другої мови', '', NULL, NULL, NULL, 0, 0, 0, '2016-12-21 21:26:56'),
('DISC', '', 239, NULL, NULL, 'Комунікативні стратегії першої мови', '', NULL, NULL, NULL, 0, 0, 0, '2016-12-21 21:27:02'),
('DISC', '', 240, NULL, NULL, 'Типи письмового та усного перекладу ', '', NULL, NULL, NULL, 0, 0, 0, '2016-12-21 21:27:05'),
('DISC', '', 241, NULL, NULL, 'Історія європейського перекладу', '', NULL, NULL, NULL, 0, 0, 0, '2016-12-21 23:32:51'),
('DISC', '', 242, NULL, NULL, 'Машинний переклад', '', NULL, NULL, NULL, 0, 0, 0, '2016-12-21 23:32:53'),
('DISC', '', 243, NULL, NULL, 'Український переклад', '', NULL, NULL, NULL, 0, 0, 0, '2016-12-21 23:32:55'),
('DISC', '', 244, NULL, NULL, 'Комунікативні стратегії другої мови', '', NULL, NULL, NULL, 0, 0, 0, '2016-12-21 23:32:59'),
('DISC', '', 245, NULL, NULL, 'Стилістика і переклад', '', NULL, NULL, NULL, 0, 0, 0, '2016-12-21 23:33:02'),
('DISC', '', 246, NULL, NULL, 'Історія професійного перекладу', '', NULL, NULL, NULL, 0, 0, 0, '2016-12-21 23:33:06'),
('DISC', '', 247, NULL, NULL, 'Критика перекладу', '', NULL, NULL, NULL, 0, 0, 0, '2016-12-21 23:33:08'),
('DISC', '', 248, NULL, NULL, 'Теорія мовної комунікації', '', NULL, NULL, NULL, 0, 0, 0, '2016-12-21 23:33:11'),
('DISC', '', 249, NULL, NULL, 'Принципи комунікації другої мови', '', NULL, NULL, NULL, 0, 0, 0, '2016-12-21 23:33:13'),
('DISC', '', 250, NULL, NULL, 'Практика перекладу першої мови (додатково)', '', NULL, NULL, NULL, 0, 0, 0, '2016-12-21 23:33:24'),
('DISC', '', 251, NULL, NULL, 'Практика перекладу другої мови (додатково)', '', NULL, NULL, NULL, 0, 0, 0, '2016-12-21 23:33:25'),
('DISC', '', 252, NULL, NULL, 'Практика перекладу третьої мови', '', NULL, NULL, NULL, 0, 0, 0, '2016-12-21 23:33:27'),
('DISC', '', 253, NULL, NULL, 'Основи ДУ та МС', '', NULL, NULL, NULL, 0, 0, 0, '2016-12-21 23:33:30'),
('DISC', '', 254, NULL, NULL, 'Факультатив-практикум з методології наукових досліджень, індивідуальні практичні заняття', '', NULL, NULL, NULL, 0, 0, 0, '2016-12-21 23:33:40'),
('DISC', '', 255, NULL, NULL, 'Сучасне українське перекладознавство', '', NULL, NULL, NULL, 0, 0, 0, '2016-12-22 01:01:34'),
('DISC', '', 256, NULL, NULL, 'Німецький шванк', '', NULL, NULL, NULL, 0, 0, 0, '2016-12-22 01:02:39'),
('DISC', '', 257, NULL, NULL, 'Німецьке стисле оповідання', '', NULL, NULL, NULL, 0, 0, 0, '2016-12-22 01:02:49'),
('DISC', '', 258, NULL, NULL, 'Біблія в європейських перекладах', '', NULL, NULL, NULL, 0, 0, 0, '2016-12-22 01:02:55'),
('DISC', '', 259, NULL, NULL, 'Сучасні тенденції в австрійській драматургії', '', NULL, NULL, NULL, 0, 0, 0, '2016-12-22 01:04:00'),
('DISC', '', 260, NULL, NULL, 'Сучасні тенденції в німецькій драматургії', '', NULL, NULL, NULL, 0, 0, 0, '2016-12-22 01:06:19'),
('DISC', '', 261, NULL, NULL, 'Взаємовплив німецькомовних літератур', '', NULL, NULL, NULL, 0, 0, 0, '2016-12-22 01:06:27'),
('DISC', '', 262, NULL, NULL, 'Фаховий переклад першої мови', '', NULL, NULL, NULL, 0, 0, 0, '2016-12-22 01:06:30'),
('DISC', '', 263, NULL, NULL, 'Курсова робота з Фахового перекладу першої мови', '', NULL, NULL, NULL, 0, 0, 0, '2016-12-22 01:06:33'),
('DISC', '', 264, NULL, NULL, 'Жанр англійського короткого оповідання', '', NULL, NULL, NULL, 0, 0, 0, '2016-12-22 01:06:37'),
('DISC', '', 265, NULL, NULL, 'Академічне письмо', '', NULL, NULL, NULL, 0, 0, 0, '2016-12-22 01:06:39'),
('DISC', '', 266, NULL, NULL, 'Сучасні тенденції в англійській драматургії', '', NULL, NULL, NULL, 0, 0, 0, '2016-12-22 01:08:06'),
('DISC', '', 267, NULL, NULL, 'Взаємовплив англійськомовних літератур', '', NULL, NULL, NULL, 0, 0, 0, '2016-12-22 01:08:09'),
('DISC', '', 268, NULL, NULL, 'Право в публічному управління', '', NULL, NULL, NULL, 0, 0, 0, '2016-12-22 01:17:40'),
('DISC', '', 269, NULL, NULL, 'Стратегічне управління', '', NULL, NULL, NULL, 0, 0, 0, '2016-12-22 01:17:42'),
('DISC', '', 270, NULL, NULL, 'Економіка та врядування', '', NULL, NULL, NULL, 0, 0, 0, '2016-12-22 01:17:44'),
('DISC', '', 271, NULL, NULL, 'Публічна служба', '', NULL, NULL, NULL, 0, 0, 0, '2016-12-22 01:17:47');
INSERT INTO `sps` (`spr`, `kod_c`, `kod_n`, `date_from`, `date_to`, `naim`, `naim_s`, `kodn_pr`, `char1`, `char2`, `koef1`, `koef2`, `sid_a`, `date_a`) VALUES
('DISC', '', 272, NULL, NULL, 'Євроінтеграція, міжнародне публічне управління та безпека', '', NULL, NULL, NULL, 0, 0, 0, '2016-12-22 01:17:51'),
('DISC', '', 273, NULL, NULL, 'Публічна комунікація і ділова мова в публічному управлінні', '', NULL, NULL, NULL, 0, 0, 0, '2016-12-22 01:17:59'),
('DISC', '', 274, NULL, NULL, 'Практична підготовка', '', NULL, NULL, NULL, 0, 0, 0, '2016-12-22 01:18:01'),
('DISC', '', 275, NULL, NULL, 'Підготовка магістерської роботи та державна атестація', '', NULL, NULL, NULL, 0, 0, 0, '2016-12-22 01:18:06'),
('DISC', '', 276, NULL, NULL, 'Психологія управління', '', NULL, NULL, NULL, 0, 0, 0, '2016-12-22 01:18:08'),
('DISC', '', 277, NULL, NULL, 'Методологія системного підходу та наукового дослідження', '', NULL, NULL, NULL, 0, 0, 0, '2016-12-22 01:18:15'),
('DISC', '', 278, NULL, NULL, 'Методика викладання управлінських дисциплін', '', NULL, NULL, NULL, 0, 0, 0, '2016-12-22 01:18:19'),
('DISC', '', 279, NULL, NULL, 'Державна служба', '', NULL, NULL, NULL, 0, 0, 0, '2016-12-22 01:18:58'),
('DISC', '', 280, NULL, NULL, 'Проблеми формування правової держави та громадянського суспільства в Україні', '', NULL, NULL, NULL, 0, 0, 0, '2016-12-22 01:19:05'),
('DISC', '', 281, NULL, NULL, 'Антикризове управління', '', NULL, NULL, NULL, 0, 0, 0, '2016-12-22 01:19:08'),
('DISC', '', 282, NULL, NULL, 'Менеджмент в органах державної влади та місцевого самоврядування', '', NULL, NULL, NULL, 0, 0, 0, '2016-12-22 01:19:12'),
('DISC', '', 283, NULL, NULL, 'Політологічні аспекти публічного управління та адміністрування', '', NULL, NULL, NULL, 0, 0, 0, '2016-12-22 01:19:21'),
('DISC', '', 284, NULL, NULL, 'Конфліктологія', '', NULL, NULL, NULL, 0, 0, 0, '2016-12-22 01:19:25'),
('DISC', '', 285, NULL, NULL, 'Організація діяльності державного службовця', '', NULL, NULL, NULL, 0, 0, 0, '2016-12-22 01:19:28'),
('DISC', '', 286, NULL, NULL, 'Соціальний діалог та соціальна відповідальність', '', NULL, NULL, NULL, 0, 0, 0, '2016-12-22 01:19:33'),
('DISC', '', 287, NULL, NULL, 'Державна політика: аналіз та механізм впровадження', '', NULL, NULL, NULL, 0, 0, 0, '2016-12-22 01:19:39'),
('DISC', '', 288, NULL, NULL, 'Державне управління', '', NULL, NULL, NULL, 0, 0, 0, '2016-12-22 01:19:52'),
('DISC', '', 289, NULL, NULL, 'Управління ресурсами', '', NULL, NULL, NULL, 0, 0, 0, '2016-12-22 01:19:59'),
('DISC', '', 290, NULL, NULL, 'Проблеми боротьби з корупцією', '', NULL, NULL, NULL, 0, 0, 0, '2016-12-22 01:20:02'),
('DISC', '', 291, NULL, NULL, 'Менеджмент організацій', '', NULL, NULL, NULL, 0, 0, 0, '2016-12-22 01:20:04'),
('DISC', '', 292, NULL, NULL, 'Керівник в державному управління', '', NULL, NULL, NULL, 0, 0, 0, '2016-12-22 01:20:07'),
('DISC', '', 293, NULL, NULL, 'Електронне врядування', '', NULL, NULL, NULL, 0, 0, 0, '2016-12-22 01:20:11'),
('DISC', '', 294, NULL, NULL, 'Кадрова політика', '', NULL, NULL, NULL, 0, 0, 0, '2016-12-22 01:20:13'),
('DISC', '', 295, NULL, NULL, 'Територіальне управління та місцеве самоврядування', '', NULL, NULL, NULL, 0, 0, 0, '2016-12-22 01:23:34'),
('DISC', '', 296, NULL, NULL, 'Місцеве самоврядування в зарубіжних країнах', '', NULL, NULL, NULL, 0, 0, 0, '2016-12-22 01:23:37'),
('DISC', '', 297, NULL, NULL, 'Регіональний розвиток', '', NULL, NULL, NULL, 0, 0, 0, '2016-12-22 01:23:40'),
('DISC', '', 298, NULL, NULL, 'Історія та теорія місцевого самоврядування', '', NULL, NULL, NULL, 0, 0, 0, '2016-12-22 01:23:43'),
('DISC', '', 299, NULL, NULL, 'Виборча система на місцевому рівні', '', NULL, NULL, NULL, 0, 0, 0, '2016-12-22 01:23:49'),
('DISC', '', 300, NULL, NULL, 'Система місцевого самоврядування', '', NULL, NULL, NULL, 0, 0, 0, '2016-12-22 01:23:51'),
('DISC', '', 301, NULL, NULL, 'Контролінг в місцевому самоврядуванні', '', NULL, NULL, NULL, 0, 0, 0, '2016-12-22 01:23:54'),
('DISC', '', 302, NULL, NULL, 'Реформи в Україні', '', NULL, NULL, NULL, 0, 0, 0, '2016-12-22 01:23:56'),
('DISC', '', 303, NULL, NULL, 'Кадрова політика в системі місцевого самоврядування', '', NULL, NULL, NULL, 0, 0, 0, '2016-12-22 01:23:59'),
('DISC', '', 304, NULL, NULL, 'Новітні технології в державному управління', '', NULL, NULL, NULL, 0, 0, 0, '2016-12-22 01:24:01'),
('DISC', '', 305, NULL, NULL, 'Муніципальний менеджмент', '', NULL, NULL, NULL, 0, 0, 0, '2016-12-22 01:24:05'),
('DISC', '', 306, NULL, NULL, 'Регіональна соціально-економічна політика', '', NULL, NULL, NULL, 0, 0, 0, '2016-12-22 01:24:08'),
('FOB', 'Д', 0, NULL, NULL, 'Денна', 'Денна', NULL, NULL, NULL, 0, 0, 0, '2016-12-14 12:11:30'),
('FOB', 'З', 0, NULL, NULL, 'Заочна', 'заочна', NULL, NULL, NULL, 0, 0, 0, '2016-12-14 12:11:46'),
('KON', 'ДЗ', 0, NULL, NULL, 'Диф. зачет', 'диф. зачет', NULL, NULL, NULL, 0, 0, 0, '2016-12-14 12:44:09'),
('KON', 'Е', 0, NULL, NULL, 'Экзамен', 'экзамен', NULL, NULL, NULL, 0, 0, 0, '2016-12-14 12:43:50'),
('KON', 'З', 0, NULL, NULL, 'Зачет', 'зачет', NULL, NULL, NULL, 0, 0, 0, '2016-12-14 12:43:38'),
('OSV', 'Б', 0, NULL, NULL, 'перший (бакалаврський)', 'бакалавр', NULL, NULL, NULL, 0, 0, 0, '2016-12-14 12:10:25'),
('OSV', 'М', 0, NULL, NULL, 'другий (магістерський)', 'магистр', NULL, NULL, NULL, 0, 0, 0, '2016-12-14 12:10:46'),
('p_kur', 'КП', 0, NULL, NULL, 'Курсовой проект', 'курсовой проект', NULL, NULL, NULL, 0, 0, 0, '2016-12-14 12:42:07'),
('p_kur', 'КР', 0, NULL, NULL, 'Курсовая работа', 'курсовая работа', NULL, NULL, NULL, 0, 0, 0, '2016-12-14 12:41:56'),
('SPC', '', 1, NULL, NULL, 'Автоматизация та комп`ютернь-інтегровані технології', 'Автоматизация та КІТ', NULL, '346', NULL, 0, 0, 0, '2016-12-14 14:44:47'),
('SPC', '', 2, NULL, NULL, '035 Філологія (Переклад)', '', NULL, NULL, NULL, 0, 0, 0, '2016-12-19 10:32:39'),
('SPC', '', 3, NULL, NULL, '6.020303 Філологія', '', NULL, NULL, NULL, 0, 0, 0, '2016-12-20 12:22:53'),
('SPC', '', 4, NULL, NULL, '6.020303 Філологія (Переклад)', '', NULL, NULL, NULL, 0, 0, 0, '2016-12-20 12:29:23'),
('SPC', '', 5, NULL, NULL, '055 "Міжнародні відносини, суспільні комунікації та регіональні студії"', '', NULL, NULL, NULL, 0, 0, 0, '2016-12-20 12:53:26'),
('SPC', '', 6, NULL, NULL, '6.030104 "Політологія"', '', NULL, NULL, NULL, 0, 0, 0, '2016-12-20 12:57:39'),
('SPC', '', 7, NULL, NULL, '052 "Політологія"', '', NULL, NULL, NULL, 0, 0, 0, '2016-12-20 13:00:38'),
('SPC', '', 8, NULL, NULL, '074 Публічне управління та адміністрування', '', NULL, NULL, NULL, 0, 0, 0, '2016-12-22 01:15:16'),
('ST', 'А', 0, NULL, NULL, 'Администратор систеы', 'Админ', NULL, NULL, NULL, 0, 0, 0, '2016-09-23 21:00:18'),
('ST', 'П', 0, NULL, NULL, 'Преподователь', 'Преподователь', NULL, NULL, NULL, 0, 0, 0, '2016-09-22 22:37:39'),
('ST', 'С', 0, NULL, NULL, 'Студент', 'Студент', NULL, NULL, NULL, 0, 0, 0, '2016-09-22 22:37:18'),
('t', 'a', 0, NULL, NULL, 'asd', 'as', NULL, NULL, NULL, 0, 0, 0, '2016-09-26 22:19:53'),
('TU', 'А', 0, NULL, NULL, 'Аудитория', 'Аудитория', NULL, NULL, NULL, 0, 0, 0, '2016-09-22 22:07:30'),
('TU', 'Д', 0, NULL, NULL, 'Деканат', 'Деканат', NULL, NULL, NULL, 0, 0, 0, '2016-09-22 21:58:20'),
('TU', 'К', 0, NULL, NULL, 'Кафедра', 'Кафедра', NULL, NULL, NULL, 0, 0, 0, '2016-10-03 23:39:15'),
('TU', 'М', 0, NULL, NULL, 'Условное подразделение', 'Условное', NULL, NULL, NULL, 0, 0, 0, '2016-09-22 22:04:37'),
('TU', 'С', 0, NULL, NULL, 'Специальность', 'Специальность', NULL, NULL, NULL, 0, 0, 0, '2016-09-22 21:59:11'),
('TU', 'У', 0, NULL, NULL, 'Университет', 'Универ', NULL, NULL, NULL, 0, 0, 0, '2016-09-22 21:57:35'),
('UHT', 'АУД', 0, NULL, NULL, 'Аудитории', 'Аудитории', NULL, NULL, NULL, 0, 0, 0, '2016-12-24 12:08:57'),
('UHT', 'УЧПРОЦ', 0, NULL, NULL, 'Учебный процесс', 'Уч. процесс', NULL, NULL, NULL, 0, 0, 0, '2016-09-22 22:12:30');

-- --------------------------------------------------------

--
-- Структура таблицы `spz`
--

CREATE TABLE IF NOT EXISTS "spz" (
  "spr" varchar(15) COLLATE utf8_unicode_ci NOT NULL COMMENT 'Код справочника',
  "naim" varchar(30) COLLATE utf8_unicode_ci NOT NULL COMMENT 'Наименование справочника',
  "tkspr" varchar(1) COLLATE utf8_unicode_ci NOT NULL COMMENT 'Тип кода справочника',
  "pr_period" varchar(1) COLLATE utf8_unicode_ci NOT NULL COMMENT 'Период действия',
  "pr_char1" varchar(1) COLLATE utf8_unicode_ci NOT NULL COMMENT 'Необходимость символьного признака 1',
  "n_char1" varchar(150) COLLATE utf8_unicode_ci DEFAULT NULL COMMENT 'Наименование символьниго признака 1',
  "pr_char2" varchar(1) COLLATE utf8_unicode_ci NOT NULL COMMENT 'Необходимость символьного признака 2',
  "n_char2" varchar(150) COLLATE utf8_unicode_ci DEFAULT NULL COMMENT 'Наименование символьного признака 2',
  "pr_koef1" varchar(1) COLLATE utf8_unicode_ci NOT NULL COMMENT 'Необходимость коеффициента 1',
  "n_koef1" varchar(100) COLLATE utf8_unicode_ci DEFAULT NULL COMMENT 'Наименование коеффициента 1',
  "pr_koef2" varchar(1) COLLATE utf8_unicode_ci NOT NULL COMMENT 'Необходимость коеффициента 2',
  "n_koef2" varchar(150) COLLATE utf8_unicode_ci DEFAULT NULL COMMENT 'Наименование коеффициента 2',
  "sid_a" int(11) NOT NULL COMMENT 'Кто добавил',
  "date_a" datetime NOT NULL COMMENT 'Когда добавил',
  PRIMARY KEY ("spr")
);

--
-- Дамп данных таблицы `spz`
--

INSERT INTO `spz` (`spr`, `naim`, `tkspr`, `pr_period`, `pr_char1`, `n_char1`, `pr_char2`, `n_char2`, `pr_koef1`, `n_koef1`, `pr_koef2`, `n_koef2`, `sid_a`, `date_a`) VALUES
('CYCLE', 'Циклы дисциплин', 'n', '', '', NULL, '', NULL, '+', 'Количество в году', '', NULL, 0, '2016-12-19 16:02:02'),
('DEL', 'Деление года', 'n', '', '', NULL, '', NULL, '+', 'Количество в году', '', NULL, 0, '2016-12-14 12:12:41'),
('DISC', 'Дисциплины', 'n', '', '', 'Шифр за ОПП', '', NULL, '', 'код кафедры', '', NULL, 0, '2016-09-26 22:40:19'),
('FOB', 'Форма обучения', 'c', '', '', NULL, '', NULL, '', NULL, '', NULL, 0, '2016-12-14 12:11:17'),
('KON', 'Контроли', 'c', '', '', NULL, '', NULL, '', NULL, '', NULL, 0, '2016-12-14 12:43:13'),
('OSV', 'Уровень образования', 'c', '', '', NULL, '', NULL, '', NULL, '', NULL, 0, '2016-12-14 12:09:27'),
('p_kur', 'Курсовые', 'c', '', '', NULL, '', NULL, '', NULL, '', NULL, 0, '2016-12-14 12:41:25'),
('SPC', 'Специальности', 'n', '', '', 'код за код', '', NULL, '', NULL, '', NULL, 0, '2016-12-14 12:07:37'),
('ST', 'Типы персонала', 'c', '', '', NULL, '', NULL, '', '0', '', NULL, 0, '2016-09-22 22:30:17'),
('t', 'test', 'c', '+', '+', 'char1', '+', 'char2', '+', 'koef1', '+', 'koef2', 0, '2016-09-23 21:09:03'),
('TU', 'Типы подразделений', 'c', '', '', NULL, '', NULL, '', '0', '', NULL, 0, '2016-09-22 21:51:47'),
('UHT', 'Типы иерархий подразделений', 'c', '', '', NULL, '', NULL, '', '0', '', NULL, 0, '2016-09-22 22:09:17'),
('WEEK', 'Коды недель', 'c', '', '', NULL, '', NULL, '', NULL, '', NULL, 0, '2016-12-16 15:04:18');

-- --------------------------------------------------------

--
-- Структура таблицы `staff`
--

CREATE TABLE IF NOT EXISTS "staff" (
  "sid" int(11) NOT NULL COMMENT 'Уникальный номер сотрудника',
  "npp" smallint(6) NOT NULL COMMENT 'Номер записи о сотруднике по порядку',
  "date_from" date NOT NULL COMMENT 'Действие строки с',
  "date_to" date NOT NULL COMMENT 'Действие строки по',
  "kst" varchar(2) COLLATE utf8_unicode_ci NOT NULL COMMENT 'Код типа сотрудника',
  "surname" varchar(30) COLLATE utf8_unicode_ci NOT NULL COMMENT 'Фамилия',
  "name" varchar(30) COLLATE utf8_unicode_ci NOT NULL COMMENT 'Имя',
  "patronymic" varchar(30) COLLATE utf8_unicode_ci NOT NULL COMMENT 'Отчество',
  "kdlg" int(11) NOT NULL COMMENT 'Код должности',
  "uid" int(11) DEFAULT NULL COMMENT 'Подразделение приписки',
  "userid" varchar(15) COLLATE utf8_unicode_ci DEFAULT NULL COMMENT 'Логин пользователя',
  "password" varchar(30) COLLATE utf8_unicode_ci DEFAULT NULL COMMENT 'Пароль пользователя',
  "tel_mob" varchar(15) COLLATE utf8_unicode_ci DEFAULT NULL COMMENT 'Телефон мобильный',
  "sid_a" int(11) NOT NULL COMMENT 'Кто добавил',
  "date_a" datetime NOT NULL COMMENT 'Когда добавил',
  PRIMARY KEY ("sid","npp"),
  KEY "userid" ("userid")
);

--
-- Дамп данных таблицы `staff`
--


-- --------------------------------------------------------

--
-- Структура таблицы `uhier`
--

CREATE TABLE IF NOT EXISTS "uhier" (
  "kth" varchar(6) COLLATE utf8_unicode_ci NOT NULL COMMENT 'Код типа иерархии',
  "uid" int(11) NOT NULL COMMENT 'Код подразделения',
  "uid_pr" int(11) DEFAULT NULL COMMENT 'Код подразделения-предка',
  "date_from" date NOT NULL COMMENT 'Дата действия с',
  "date_to" date NOT NULL COMMENT 'Дата действия по',
  "sid_a" int(11) NOT NULL COMMENT 'Код добавившего',
  "date_a" datetime NOT NULL COMMENT 'Дата добавления',
  PRIMARY KEY ("kth","uid","date_from"),
  KEY "uid" ("uid")
);

--
-- Дамп данных таблицы `uhier`
--

INSERT INTO `uhier` (`kth`, `uid`, `uid_pr`, `date_from`, `date_to`, `sid_a`, `date_a`) VALUES
('УЧПРОЦ', 1, NULL, '1996-01-01', '9999-12-31', 0, '2016-09-25 14:15:28'),
('УЧПРОЦ', 2, 1, '1996-01-01', '9999-12-31', 0, '2016-09-25 19:16:37'),
('УЧПРОЦ', 3, 1, '1996-01-01', '9999-12-31', 0, '2016-09-25 19:18:16'),
('УЧПРОЦ', 4, 3, '1996-01-01', '9999-12-31', 0, '2016-09-25 19:39:27'),
('УЧПРОЦ', 5, 3, '1996-01-01', '9999-12-31', 0, '2016-09-25 19:40:58'),
('УЧПРОЦ', 6, 3, '1996-01-01', '9999-12-31', 0, '2016-10-03 23:46:08'),
('УЧПРОЦ', 7, 5, '0000-00-00', '0000-00-00', 0, '2016-11-02 16:56:13'),
('УЧПРОЦ', 7, 5, '1991-01-01', '9999-12-31', 0, '2016-11-02 16:56:33');

-- --------------------------------------------------------

--
-- Структура таблицы `unit`
--

CREATE TABLE IF NOT EXISTS "unit" (
  "uid" int(11) NOT NULL COMMENT 'Уникальный код подразделения',
  "npp" smallint(6) NOT NULL COMMENT 'Номер по порядку',
  "ktu" varchar(2) COLLATE utf8_unicode_ci NOT NULL COMMENT 'Код типа подразделения',
  "naim" varchar(150) COLLATE utf8_unicode_ci NOT NULL COMMENT 'Наименование',
  "naim_s" varchar(30) COLLATE utf8_unicode_ci NOT NULL COMMENT 'Наименовние сокращенное',
  "date_from" date NOT NULL COMMENT 'Действие строки с',
  "date_to" date DEFAULT NULL COMMENT 'Действие строки по',
  "sid_nach" int(11) DEFAULT NULL COMMENT 'Начальник',
  "sid_otv" int(11) DEFAULT NULL COMMENT 'Ответственный',
  "sid_ved" int(11) DEFAULT NULL COMMENT 'Ведущий специалист',
  "oldkod" varchar(20) COLLATE utf8_unicode_ci DEFAULT NULL COMMENT 'Старый код',
  "sid_a" int(11) NOT NULL COMMENT 'Кто добавил',
  "date_a" datetime NOT NULL COMMENT 'Когда добавил',
  PRIMARY KEY ("uid","npp")
);

--
-- Дамп данных таблицы `unit`
--

INSERT INTO `unit` (`uid`, `npp`, `ktu`, `naim`, `naim_s`, `date_from`, `date_to`, `sid_nach`, `sid_otv`, `sid_ved`, `oldkod`, `sid_a`, `date_a`) VALUES
(1, 1, 'У', 'Университет ЧНУ', 'ЧНУ', '1996-01-01', '9999-12-31', NULL, NULL, NULL, '', 0, '2016-09-22 22:41:03'),
(2, 1, 'Д', 'Деканат факультета політичних наук', 'політичних наук', '1996-01-01', '9999-12-31', NULL, NULL, NULL, '1', 0, '2016-09-22 22:44:11'),
(3, 1, 'Д', 'Деканат факультета комп´ютерних наук', 'комп´ютерних наук', '1996-01-01', '9999-12-31', NULL, NULL, NULL, '2', 0, '2016-09-22 22:44:53'),
(4, 1, 'М', 'Специальности факультета компьютерных наук', 'СпецКомпНаук', '1996-01-01', '9999-12-31', NULL, NULL, NULL, NULL, 0, '2016-09-25 19:39:01'),
(5, 1, 'М', 'Аудаторный фонд факультета компьютерных наук', 'АудФондКомпНаук', '1996-01-01', '9999-12-31', NULL, NULL, NULL, NULL, 0, '2016-09-25 19:40:40'),
(6, 1, 'М', 'Кафедры факультета компьютерных наук', 'КафКомпНаук', '1996-01-01', '9999-12-31', NULL, NULL, NULL, NULL, 0, '2016-10-03 23:40:15'),
(7, 1, 'А', 'аудитория 1', '1-1', '1991-01-01', '9999-12-31', NULL, NULL, NULL, '99', 0, '2016-11-02 16:55:36'),
(8, 1, 'К', 'Міжнародних відносин та зовнішньої політики', '', '1999-01-01', '9999-12-31', NULL, NULL, NULL, '1', 0, '2016-12-19 00:55:05'),
(9, 1, 'К', 'Прикладної та вищої математики', '', '1999-01-01', '9999-12-31', NULL, NULL, NULL, '2', 0, '2016-12-19 00:55:05'),
(10, 1, 'К', 'Англійської мови', '', '1999-01-01', '9999-12-31', NULL, NULL, NULL, '3', 0, '2016-12-19 00:55:05'),
(11, 1, 'К', 'Веслування', '', '1999-01-01', '9999-12-31', NULL, NULL, NULL, '4', 0, '2016-12-19 00:55:05'),
(12, 1, 'К', 'Інтелектуальних і інформаційних систем', '', '1999-01-01', '9999-12-31', NULL, NULL, NULL, '5', 0, '2016-12-19 00:55:05'),
(13, 1, 'К', 'Фінансів і кредиту', '', '1999-01-01', '9999-12-31', NULL, NULL, NULL, '6', 0, '2016-12-19 00:55:05'),
(14, 1, 'К', 'Політичних наук', '', '1999-01-01', '9999-12-31', NULL, NULL, NULL, '7', 0, '2016-12-19 00:55:05'),
(15, 1, 'К', 'Екології та природокористування', '', '1999-01-01', '9999-12-31', NULL, NULL, NULL, '8', 0, '2016-12-19 00:55:05'),
(16, 1, 'К', 'Романо-германської філології', '', '1999-01-01', '9999-12-31', NULL, NULL, NULL, '9', 0, '2016-12-19 00:55:05'),
(17, 1, 'К', 'Англійської філології', '', '1999-01-01', '9999-12-31', NULL, NULL, NULL, '10', 0, '2016-12-19 00:55:05'),
(18, 1, 'К', 'Історії та теорії держави та права', '', '1999-01-01', '9999-12-31', NULL, NULL, NULL, '11', 0, '2016-12-19 00:55:05'),
(19, 1, 'К', 'Економічної теорії та міжнародної економіки', '', '1999-01-01', '9999-12-31', NULL, NULL, NULL, '12', 0, '2016-12-19 00:55:05'),
(20, 1, 'К', 'Соціальної роботи, та педагогіки ', '', '1999-01-01', '9999-12-31', NULL, NULL, NULL, '13', 0, '2016-12-19 00:55:05'),
(21, 1, 'К', 'Української філології , теорії та історії літератури', '', '1999-01-01', '9999-12-31', NULL, NULL, NULL, '14', 0, '2016-12-19 00:55:05'),
(22, 1, 'К', 'Економіки підприємства та землеустрою  ', '', '1999-01-01', '9999-12-31', NULL, NULL, NULL, '15', 0, '2016-12-19 00:55:05'),
(23, 1, 'К', 'Якості, стандартизації та техногенно-екологічної безпеки', '', '1999-01-01', '9999-12-31', NULL, NULL, NULL, '16', 0, '2016-12-19 00:55:05'),
(24, 1, 'К', 'Інформаційних технологій і програмних систем', '', '1999-01-01', '9999-12-31', NULL, NULL, NULL, '17', 0, '2016-12-19 00:55:05'),
(25, 1, 'К', 'Автоматизації та  комп`ютерно-інтегрованих технологій', '', '1999-01-01', '9999-12-31', NULL, NULL, NULL, '18', 0, '2016-12-19 00:55:05'),
(26, 1, 'К', 'Теорії та практики перекладу  з німецької мови', '', '1999-01-01', '9999-12-31', NULL, NULL, NULL, '19', 0, '2016-12-19 00:55:06'),
(27, 1, 'К', 'Цивільного та кримінального права і процесу', '', '1999-01-01', '9999-12-31', NULL, NULL, NULL, '20', 0, '2016-12-19 00:55:06'),
(28, 1, 'К', 'Філософії', '', '1999-01-01', '9999-12-31', NULL, NULL, NULL, '21', 0, '2016-12-19 00:55:06'),
(29, 1, 'К', 'Менеджменту та адміністрування', '', '1999-01-01', '9999-12-31', NULL, NULL, NULL, '22', 0, '2016-12-19 00:55:06'),
(30, 1, 'К', 'Конституційного та адміністративного права та процесу', '', '1999-01-01', '9999-12-31', NULL, NULL, NULL, '23', 0, '2016-12-19 00:55:06'),
(31, 1, 'К', 'Соціології', '', '1999-01-01', '9999-12-31', NULL, NULL, NULL, '24', 0, '2016-12-19 00:55:06'),
(32, 1, 'К', 'Здоров’я людини та фізичної реабілітації', '', '1999-01-01', '9999-12-31', NULL, NULL, NULL, '25', 0, '2016-12-19 00:55:06'),
(33, 1, 'К', 'Інженерії програмного забезпечення', '', '1999-01-01', '9999-12-31', NULL, NULL, NULL, '26', 0, '2016-12-19 00:55:06'),
(34, 1, 'К', 'Історії', '', '1999-01-01', '9999-12-31', NULL, NULL, NULL, '27', 0, '2016-12-19 00:55:06'),
(35, 1, 'К', 'Теорії та практики перекладу  з англійської мови', '', '1999-01-01', '9999-12-31', NULL, NULL, NULL, '28', 0, '2016-12-19 00:55:06'),
(36, 1, 'К', 'Спортивні дисципліни', '', '1999-01-01', '9999-12-31', NULL, NULL, NULL, '29', 0, '2016-12-19 00:55:06'),
(37, 1, 'К', 'Публічного управління та адміністрування', '', '1999-01-01', '9999-12-31', NULL, NULL, NULL, '30', 0, '2016-12-19 00:55:06'),
(38, 1, 'К', 'Професійного англомовного навчання', '', '1999-01-01', '9999-12-31', NULL, NULL, NULL, '31', 0, '2016-12-19 00:55:06'),
(39, 1, 'К', 'Єдиноборств і силових  видів спорту', '', '1999-01-01', '9999-12-31', NULL, NULL, NULL, '32', 0, '2016-12-19 00:55:06'),
(40, 1, 'К', 'Обліку та аудиту', '', '1999-01-01', '9999-12-31', NULL, NULL, NULL, '33', 0, '2016-12-19 00:55:06'),
(41, 1, 'К', 'Психології', '', '1999-01-01', '9999-12-31', NULL, NULL, NULL, '34', 0, '2016-12-19 00:55:06'),
(42, 1, 'К', 'Управління земельними ресурсами', '', '1999-01-01', '9999-12-31', NULL, NULL, NULL, '35', 0, '2016-12-19 00:55:06'),
(43, 1, 'К', 'Олімпійського та професійного спорту', '', '1999-01-01', '9999-12-31', NULL, NULL, NULL, '36', 0, '2016-12-19 00:55:06'),
(44, 1, 'К', 'Журналістика', '', '1999-01-01', '9999-12-31', NULL, NULL, NULL, '37', 0, '2016-12-19 00:55:06'),
(45, 1, 'К', 'Медичної біології, анатомії людини, гістології , цитології та ембріології', '', '1999-01-01', '9999-12-31', NULL, NULL, NULL, '38', 0, '2016-12-19 00:55:06');

-- --------------------------------------------------------

--
-- Структура таблицы `windel`
--

CREATE TABLE IF NOT EXISTS "windel" (
  "id_plan" int(11) unsigned NOT NULL COMMENT 'Уникальный код плана',
  "ndel" int(11) NOT NULL COMMENT 'Номер деления года',
  "kol" int(11) NOT NULL COMMENT 'Количество недель',
  PRIMARY KEY ("id_plan","ndel")
);

--
-- Дамп данных таблицы `windel`
--

INSERT INTO `windel` (`id_plan`, `ndel`, `kol`) VALUES
(1, 1, 14),
(1, 2, 14),
(1, 3, 6),
(1, 4, 14),
(1, 5, 14),
(1, 6, 6),
(1, 7, 14),
(1, 8, 14),
(1, 9, 6),
(1, 10, 14),
(1, 11, 12),
(1, 12, 6);

--
-- Ограничения внешнего ключа сохраненных таблиц
--

--
-- Ограничения внешнего ключа таблицы `planc`
--
ALTER TABLE `planc`
  ADD CONSTRAINT "fk_planc_windel" FOREIGN KEY ("id_plan", "ndel") REFERENCES "windel" ("id_plan", "ndel"),
  ADD CONSTRAINT "fk_plans_planc" FOREIGN KEY ("id_plan", "npp") REFERENCES "plans" ("id_plan", "npp");

--
-- Ограничения внешнего ключа таблицы `plang`
--
ALTER TABLE `plang`
  ADD CONSTRAINT "plang_ibfk_1" FOREIGN KEY ("id_plan") REFERENCES "planz" ("id");

--
-- Ограничения внешнего ключа таблицы `plans`
--
ALTER TABLE `plans`
  ADD CONSTRAINT "plans_ibfk_1" FOREIGN KEY ("id_plan") REFERENCES "planz" ("id");

--
-- Ограничения внешнего ключа таблицы `planz`
--
ALTER TABLE `planz`
  ADD CONSTRAINT "planz_ibfk_1" FOREIGN KEY ("uid") REFERENCES "unit" ("uid");

--
-- Ограничения внешнего ключа таблицы `sps`
--
ALTER TABLE `sps`
  ADD CONSTRAINT "sps_ibfk_1" FOREIGN KEY ("spr") REFERENCES "spz" ("spr");

--
-- Ограничения внешнего ключа таблицы `uhier`
--
ALTER TABLE `uhier`
  ADD CONSTRAINT "uhier_ibfk_1" FOREIGN KEY ("uid") REFERENCES "unit" ("uid");

--
-- Ограничения внешнего ключа таблицы `windel`
--
ALTER TABLE `windel`
  ADD CONSTRAINT "windel_ibfk_1" FOREIGN KEY ("id_plan") REFERENCES "planz" ("id");
